Experiment	ReleaseDate	TaxID	ScientificName	species_tax_id	class_tax_id	strain_tax_id	species	LibraryLayout	Platform	Model	Run	SRAStudy	BioProject	ProjectID	Sample	BioSample	Submission	LibraryStrategy	LibrarySelection	LibrarySource	Body_Site	CenterName	InsertSize	InsertDev	SRA ID	Biosample	GEO Series	GEO Sample	PMID	biosample_strain	biosample_genotype	R1	R2
ERX1050026	2016-01-01 05:25:42	223283	Pseudomonas syringae pv. tomato str. DC3000	251701	1236	223283	Pseudomonas syringae group genomosp. 3	PAIRED	ILLUMINA	Illumina HiSeq 2000	ERR973045	ERP011205	PRJEB10027	307440	ERS800594	SAMEA3493445	ERA461562	RNA-Seq	cDNA	TRANSCRIPTOMIC		Macrogen	474	47.4	2137318	4379990					fleQ mutant		
ERX1050027	2016-01-01 05:25:43	223283	Pseudomonas syringae pv. tomato str. DC3000	251701	1236	223283	Pseudomonas syringae group genomosp. 3	PAIRED	ILLUMINA	Illumina HiSeq 2000	ERR973046	ERP011205	PRJEB10027	307440	ERS800595	SAMEA4086599	ERA461562	RNA-Seq	cDNA	TRANSCRIPTOMIC		Macrogen	480	48	2137319	4379991					fleQ mutant		
ERX1050028	2016-01-01 05:25:43	223283	Pseudomonas syringae pv. tomato str. DC3000	251701	1236	223283	Pseudomonas syringae group genomosp. 3	PAIRED	ILLUMINA	Illumina HiSeq 2000	ERR973047	ERP011205	PRJEB10027	307440	ERS800596	SAMEA3493447	ERA461562	RNA-Seq	cDNA	TRANSCRIPTOMIC		Macrogen	458	45.8	2137320	4379992					wild type genotype		
ERX1050029	2016-01-01 05:25:43	223283	Pseudomonas syringae pv. tomato str. DC3000	251701	1236	223283	Pseudomonas syringae group genomosp. 3	PAIRED	ILLUMINA	Illumina HiSeq 2000	ERR973048	ERP011205	PRJEB10027	307440	ERS800597	SAMEA4086596	ERA461562	RNA-Seq	cDNA	TRANSCRIPTOMIC		Macrogen	476	47.6	2137321	4379993					wild type genotype		
ERX2322625	2019-01-24 09:37:03	323	Pseudomonas syringae pv. tomato	251701	1236	323	Pseudomonas syringae group genomosp. 3	PAIRED	ILLUMINA	Illumina HiSeq 2000	ERR2270906;ERR2270907	ERP106481	PRJEB24639	514549	ERS2160297	SAMEA104549013	ERA1189496	RNA-Seq	cDNA	TRANSCRIPTOMIC		Macrogen	250	25	7125266	10691745				DC3000			
ERX2322626	2019-01-24 09:37:03	323	Pseudomonas syringae pv. tomato	251701	1236	323	Pseudomonas syringae group genomosp. 3	PAIRED	ILLUMINA	Illumina HiSeq 2000	ERR2270908;ERR2270909	ERP106481	PRJEB24639	514549	ERS2160298	SAMEA104549014	ERA1189496	RNA-Seq	cDNA	TRANSCRIPTOMIC		Macrogen	250	25	7125267	10691746				DC3000			
ERX2322627	2019-01-24 09:37:03	323	Pseudomonas syringae pv. tomato	251701	1236	323	Pseudomonas syringae group genomosp. 3	PAIRED	ILLUMINA	Illumina HiSeq 2000	ERR2270910;ERR2270911	ERP106481	PRJEB24639	514549	ERS2160299	SAMEA104549015	ERA1189496	RNA-Seq	cDNA	TRANSCRIPTOMIC		Macrogen	250	25	7125268	10691747				DC3000			
SRX1828913	2016-06-12 16:20:54	223283	Pseudomonas syringae pv. tomato str. DC3000	251701	1236	223283	Pseudomonas syringae group genomosp. 3	SINGLE	ILLUMINA	Illumina HiSeq 2000	SRR3644698	SRP076234	PRJNA324711	324711	SRS1490487	SAMN05213586	SRA431728	RNA-Seq	RT-PCR	TRANSCRIPTOMIC		USDA-ARS	0	0	2612083	5213586				PS368+pJN105			
SRX1828914	2016-06-12 16:23:24	223283	Pseudomonas syringae pv. tomato str. DC3000	251701	1236	223283	Pseudomonas syringae group genomosp. 3	SINGLE	ILLUMINA	Illumina HiSeq 2000	SRR3644699	SRP076234	PRJNA324711	324711	SRS1490488	SAMN05213587	SRA431728	RNA-Seq	RT-PCR	TRANSCRIPTOMIC		USDA-ARS	0	0	2612084	5213587				PS368+pEM53			
SRX1828915	2016-06-12 16:20:54	223283	Pseudomonas syringae pv. tomato str. DC3000	251701	1236	223283	Pseudomonas syringae group genomosp. 3	SINGLE	ILLUMINA	Illumina HiSeq 2000	SRR3644700	SRP076234	PRJNA324711	324711	SRS1490489	SAMN05213588	SRA431728	RNA-Seq	RT-PCR	TRANSCRIPTOMIC		USDA-ARS	0	0	2612085	5213588				PS368+pJN105			
SRX1828916	2016-06-12 16:21:03	223283	Pseudomonas syringae pv. tomato str. DC3000	251701	1236	223283	Pseudomonas syringae group genomosp. 3	SINGLE	ILLUMINA	Illumina HiSeq 2000	SRR3644701	SRP076234	PRJNA324711	324711	SRS1490490	SAMN05213589	SRA431728	RNA-Seq	RT-PCR	TRANSCRIPTOMIC		USDA-ARS	0	0	2612086	5213589				PS368+pEM53			
SRX1828917	2016-06-12 16:21:14	223283	Pseudomonas syringae pv. tomato str. DC3000	251701	1236	223283	Pseudomonas syringae group genomosp. 3	SINGLE	ILLUMINA	Illumina HiSeq 2000	SRR3644702	SRP076234	PRJNA324711	324711	SRS1490491	SAMN05213590	SRA431728	RNA-Seq	RT-PCR	TRANSCRIPTOMIC		USDA-ARS	0	0	2612087	5213590				PS368+pJN105			
SRX1828918	2016-06-12 16:21:03	223283	Pseudomonas syringae pv. tomato str. DC3000	251701	1236	223283	Pseudomonas syringae group genomosp. 3	SINGLE	ILLUMINA	Illumina HiSeq 2000	SRR3644703	SRP076234	PRJNA324711	324711	SRS1490492	SAMN05213591	SRA431728	RNA-Seq	RT-PCR	TRANSCRIPTOMIC		USDA-ARS	0	0	2612088	5213591				PS368+pEM53			
SRX3158988	2018-02-27 16:49:05	223283	Pseudomonas syringae pv. tomato str. DC3000	251701	1236	223283	Pseudomonas syringae group genomosp. 3	SINGLE	ILLUMINA	Illumina HiSeq 2500	SRR6003706	SRP117026	PRJNA401802	401802	SRS2490312	SAMN07604103	SRA605254	RNA-Seq	cDNA	TRANSCRIPTOMIC		GEO	0	0	4459308	7604103	GSE103406	GSM2770697	29531038	Pto			
SRX3158989	2018-02-27 16:49:05	223283	Pseudomonas syringae pv. tomato str. DC3000	251701	1236	223283	Pseudomonas syringae group genomosp. 3	SINGLE	ILLUMINA	Illumina HiSeq 2500	SRR6003707	SRP117026	PRJNA401802	401802	SRS2490313	SAMN07604102	SRA605254	RNA-Seq	cDNA	TRANSCRIPTOMIC		GEO	0	0	4459309	7604102	GSE103406	GSM2770698	29531038	Pto			
SRX3158990	2018-02-27 16:49:05	223283	Pseudomonas syringae pv. tomato str. DC3000	251701	1236	223283	Pseudomonas syringae group genomosp. 3	SINGLE	ILLUMINA	Illumina HiSeq 2500	SRR6003708	SRP117026	PRJNA401802	401802	SRS2490314	SAMN07604101	SRA605254	RNA-Seq	cDNA	TRANSCRIPTOMIC		GEO	0	0	4459310	7604101	GSE103406	GSM2770699	29531038	Pto			
SRX3158991	2018-02-27 16:49:05	223283	Pseudomonas syringae pv. tomato str. DC3000	251701	1236	223283	Pseudomonas syringae group genomosp. 3	SINGLE	ILLUMINA	Illumina HiSeq 2500	SRR6003709	SRP117026	PRJNA401802	401802	SRS2490315	SAMN07604100	SRA605254	RNA-Seq	cDNA	TRANSCRIPTOMIC		GEO	0	0	4459311	7604100	GSE103406	GSM2770700	29531038	Pto			
SRX3158992	2018-02-27 16:49:05	223283	Pseudomonas syringae pv. tomato str. DC3000	251701	1236	223283	Pseudomonas syringae group genomosp. 3	SINGLE	ILLUMINA	Illumina HiSeq 2500	SRR6003710	SRP117026	PRJNA401802	401802	SRS2490316	SAMN07604099	SRA605254	RNA-Seq	cDNA	TRANSCRIPTOMIC		GEO	0	0	4459312	7604099	GSE103406	GSM2770701	29531038	Pto			
SRX3158993	2018-02-27 16:49:05	223283	Pseudomonas syringae pv. tomato str. DC3000	251701	1236	223283	Pseudomonas syringae group genomosp. 3	SINGLE	ILLUMINA	Illumina HiSeq 2500	SRR6003711	SRP117026	PRJNA401802	401802	SRS2490317	SAMN07604098	SRA605254	RNA-Seq	cDNA	TRANSCRIPTOMIC		GEO	0	0	4459313	7604098	GSE103406	GSM2770702	29531038	Pto			
SRX3158994	2018-02-27 16:49:05	223283	Pseudomonas syringae pv. tomato str. DC3000	251701	1236	223283	Pseudomonas syringae group genomosp. 3	SINGLE	ILLUMINA	Illumina HiSeq 2500	SRR6003712	SRP117026	PRJNA401802	401802	SRS2490319	SAMN07604097	SRA605254	RNA-Seq	cDNA	TRANSCRIPTOMIC		GEO	0	0	4459314	7604097	GSE103406	GSM2770703	29531038	Pto			
SRX3158995	2018-02-27 16:49:05	223283	Pseudomonas syringae pv. tomato str. DC3000	251701	1236	223283	Pseudomonas syringae group genomosp. 3	SINGLE	ILLUMINA	Illumina HiSeq 2500	SRR6003713	SRP117026	PRJNA401802	401802	SRS2490318	SAMN07604096	SRA605254	RNA-Seq	cDNA	TRANSCRIPTOMIC		GEO	0	0	4459315	7604096	GSE103406	GSM2770704	29531038	Pto			
SRX3158996	2018-02-27 16:49:05	223283	Pseudomonas syringae pv. tomato str. DC3000	251701	1236	223283	Pseudomonas syringae group genomosp. 3	SINGLE	ILLUMINA	Illumina HiSeq 2500	SRR6003714	SRP117026	PRJNA401802	401802	SRS2490320	SAMN07604172	SRA605254	RNA-Seq	cDNA	TRANSCRIPTOMIC		GEO	0	0	4459316	7604172	GSE103406	GSM2770705	29531038	Pto			
SRX3158997	2018-02-27 16:49:05	223283	Pseudomonas syringae pv. tomato str. DC3000	251701	1236	223283	Pseudomonas syringae group genomosp. 3	SINGLE	ILLUMINA	Illumina HiSeq 2500	SRR6003715	SRP117026	PRJNA401802	401802	SRS2490321	SAMN07604171	SRA605254	RNA-Seq	cDNA	TRANSCRIPTOMIC		GEO	0	0	4459317	7604171	GSE103406	GSM2770706	29531038	Pto			
SRX3158998	2018-02-27 16:49:05	223283	Pseudomonas syringae pv. tomato str. DC3000	251701	1236	223283	Pseudomonas syringae group genomosp. 3	SINGLE	ILLUMINA	Illumina HiSeq 2500	SRR6003716	SRP117026	PRJNA401802	401802	SRS2490322	SAMN07604170	SRA605254	RNA-Seq	cDNA	TRANSCRIPTOMIC		GEO	0	0	4459318	7604170	GSE103406	GSM2770707	29531038	Pto			
SRX3158999	2018-02-27 16:49:05	223283	Pseudomonas syringae pv. tomato str. DC3000	251701	1236	223283	Pseudomonas syringae group genomosp. 3	SINGLE	ILLUMINA	Illumina HiSeq 2500	SRR6003717	SRP117026	PRJNA401802	401802	SRS2490323	SAMN07604169	SRA605254	RNA-Seq	cDNA	TRANSCRIPTOMIC		GEO	0	0	4459319	7604169	GSE103406	GSM2770708	29531038	Pto			
SRX3159000	2018-02-27 16:49:07	223283	Pseudomonas syringae pv. tomato str. DC3000	251701	1236	223283	Pseudomonas syringae group genomosp. 3	SINGLE	ILLUMINA	Illumina HiSeq 3000	SRR6003744	SRP117027	PRJNA401856	401856	SRS2490324	SAMN07604197	SRA605255	RNA-Seq	cDNA	TRANSCRIPTOMIC		GEO	0	0	4459331	7604197	GSE103441	GSM2771391	29531038	Pto			
SRX3159001	2018-02-27 16:49:07	223283	Pseudomonas syringae pv. tomato str. DC3000	251701	1236	223283	Pseudomonas syringae group genomosp. 3	SINGLE	ILLUMINA	Illumina HiSeq 3000	SRR6003745	SRP117027	PRJNA401856	401856	SRS2490325	SAMN07604196	SRA605255	RNA-Seq	cDNA	TRANSCRIPTOMIC		GEO	0	0	4459332	7604196	GSE103441	GSM2771392	29531038	Pto			
SRX3159002	2018-02-27 16:49:07	223283	Pseudomonas syringae pv. tomato str. DC3000	251701	1236	223283	Pseudomonas syringae group genomosp. 3	SINGLE	ILLUMINA	Illumina HiSeq 3000	SRR6003718	SRP117027	PRJNA401856	401856	SRS2490326	SAMN07604168	SRA605255	RNA-Seq	cDNA	TRANSCRIPTOMIC		GEO	0	0	4459333	7604168	GSE103441	GSM2771365	29531038	Pto			
SRX3159003	2018-02-27 16:49:07	223283	Pseudomonas syringae pv. tomato str. DC3000	251701	1236	223283	Pseudomonas syringae group genomosp. 3	SINGLE	ILLUMINA	Illumina HiSeq 3000	SRR6003719	SRP117027	PRJNA401856	401856	SRS2490327	SAMN07604167	SRA605255	RNA-Seq	cDNA	TRANSCRIPTOMIC		GEO	0	0	4459334	7604167	GSE103441	GSM2771366	29531038	Pto			
SRX3159004	2018-02-27 16:49:07	223283	Pseudomonas syringae pv. tomato str. DC3000	251701	1236	223283	Pseudomonas syringae group genomosp. 3	SINGLE	ILLUMINA	Illumina HiSeq 3000	SRR6003720	SRP117027	PRJNA401856	401856	SRS2490328	SAMN07604166	SRA605255	RNA-Seq	cDNA	TRANSCRIPTOMIC		GEO	0	0	4459335	7604166	GSE103441	GSM2771367	29531038	Pto			
SRX3159005	2018-02-27 16:49:07	223283	Pseudomonas syringae pv. tomato str. DC3000	251701	1236	223283	Pseudomonas syringae group genomosp. 3	SINGLE	ILLUMINA	Illumina HiSeq 3000	SRR6003721	SRP117027	PRJNA401856	401856	SRS2490329	SAMN07604165	SRA605255	RNA-Seq	cDNA	TRANSCRIPTOMIC		GEO	0	0	4459336	7604165	GSE103441	GSM2771368	29531038	Pto			
SRX3159006	2018-02-27 16:49:07	223283	Pseudomonas syringae pv. tomato str. DC3000	251701	1236	223283	Pseudomonas syringae group genomosp. 3	SINGLE	ILLUMINA	Illumina HiSeq 3000	SRR6003722	SRP117027	PRJNA401856	401856	SRS2490330	SAMN07604164	SRA605255	RNA-Seq	cDNA	TRANSCRIPTOMIC		GEO	0	0	4459337	7604164	GSE103441	GSM2771369	29531038	Pto-AvrRpt2			
SRX3159007	2018-02-27 16:49:07	223283	Pseudomonas syringae pv. tomato str. DC3000	251701	1236	223283	Pseudomonas syringae group genomosp. 3	SINGLE	ILLUMINA	Illumina HiSeq 3000	SRR6003723	SRP117027	PRJNA401856	401856	SRS2490331	SAMN07604163	SRA605255	RNA-Seq	cDNA	TRANSCRIPTOMIC		GEO	0	0	4459338	7604163	GSE103441	GSM2771370	29531038	Pto-AvrRpt2			
SRX3159008	2018-02-27 16:49:07	223283	Pseudomonas syringae pv. tomato str. DC3000	251701	1236	223283	Pseudomonas syringae group genomosp. 3	SINGLE	ILLUMINA	Illumina HiSeq 3000	SRR6003724	SRP117027	PRJNA401856	401856	SRS2490332	SAMN07604162	SRA605255	RNA-Seq	cDNA	TRANSCRIPTOMIC		GEO	0	0	4459339	7604162	GSE103441	GSM2771371	29531038	Pto-AvrRpt2			
SRX3159009	2018-02-27 16:49:07	223283	Pseudomonas syringae pv. tomato str. DC3000	251701	1236	223283	Pseudomonas syringae group genomosp. 3	SINGLE	ILLUMINA	Illumina HiSeq 3000	SRR6003725	SRP117027	PRJNA401856	401856	SRS2490333	SAMN07604161	SRA605255	RNA-Seq	cDNA	TRANSCRIPTOMIC		GEO	0	0	4459340	7604161	GSE103441	GSM2771372	29531038	Pto-AvrRpt2			
SRX3159010	2018-02-27 16:49:07	223283	Pseudomonas syringae pv. tomato str. DC3000	251701	1236	223283	Pseudomonas syringae group genomosp. 3	SINGLE	ILLUMINA	Illumina HiSeq 3000	SRR6003726	SRP117027	PRJNA401856	401856	SRS2490334	SAMN07604160	SRA605255	RNA-Seq	cDNA	TRANSCRIPTOMIC		GEO	0	0	4459341	7604160	GSE103441	GSM2771373	29531038	Pto			
SRX3159011	2018-02-27 16:49:07	223283	Pseudomonas syringae pv. tomato str. DC3000	251701	1236	223283	Pseudomonas syringae group genomosp. 3	SINGLE	ILLUMINA	Illumina HiSeq 3000	SRR6003727	SRP117027	PRJNA401856	401856	SRS2490335	SAMN07604159	SRA605255	RNA-Seq	cDNA	TRANSCRIPTOMIC		GEO	0	0	4459342	7604159	GSE103441	GSM2771374	29531038	Pto			
SRX3159012	2018-02-27 16:49:07	223283	Pseudomonas syringae pv. tomato str. DC3000	251701	1236	223283	Pseudomonas syringae group genomosp. 3	SINGLE	ILLUMINA	Illumina HiSeq 3000	SRR6003728	SRP117027	PRJNA401856	401856	SRS2490336	SAMN07604158	SRA605255	RNA-Seq	cDNA	TRANSCRIPTOMIC		GEO	0	0	4459343	7604158	GSE103441	GSM2771375	29531038	Pto			
SRX3159013	2018-02-27 16:49:07	223283	Pseudomonas syringae pv. tomato str. DC3000	251701	1236	223283	Pseudomonas syringae group genomosp. 3	SINGLE	ILLUMINA	Illumina HiSeq 3000	SRR6003729	SRP117027	PRJNA401856	401856	SRS2490337	SAMN07604156	SRA605255	RNA-Seq	cDNA	TRANSCRIPTOMIC		GEO	0	0	4459344	7604156	GSE103441	GSM2771376	29531038	Pto			
SRX3159014	2018-02-27 16:49:07	223283	Pseudomonas syringae pv. tomato str. DC3000	251701	1236	223283	Pseudomonas syringae group genomosp. 3	SINGLE	ILLUMINA	Illumina HiSeq 3000	SRR6003730	SRP117027	PRJNA401856	401856	SRS2490338	SAMN07604155	SRA605255	RNA-Seq	cDNA	TRANSCRIPTOMIC		GEO	0	0	4459345	7604155	GSE103441	GSM2771377	29531038	Pto-AvrRpt2			
SRX3159015	2018-02-27 16:49:07	223283	Pseudomonas syringae pv. tomato str. DC3000	251701	1236	223283	Pseudomonas syringae group genomosp. 3	SINGLE	ILLUMINA	Illumina HiSeq 3000	SRR6003731	SRP117027	PRJNA401856	401856	SRS2490339	SAMN07604154	SRA605255	RNA-Seq	cDNA	TRANSCRIPTOMIC		GEO	0	0	4459346	7604154	GSE103441	GSM2771378	29531038	Pto-AvrRpt2			
SRX3159016	2018-02-27 16:49:07	223283	Pseudomonas syringae pv. tomato str. DC3000	251701	1236	223283	Pseudomonas syringae group genomosp. 3	SINGLE	ILLUMINA	Illumina HiSeq 3000	SRR6003732	SRP117027	PRJNA401856	401856	SRS2490340	SAMN07604153	SRA605255	RNA-Seq	cDNA	TRANSCRIPTOMIC		GEO	0	0	4459347	7604153	GSE103441	GSM2771379	29531038	Pto-AvrRpt2			
SRX3159017	2018-02-27 16:49:07	223283	Pseudomonas syringae pv. tomato str. DC3000	251701	1236	223283	Pseudomonas syringae group genomosp. 3	SINGLE	ILLUMINA	Illumina HiSeq 3000	SRR6003733	SRP117027	PRJNA401856	401856	SRS2490341	SAMN07604152	SRA605255	RNA-Seq	cDNA	TRANSCRIPTOMIC		GEO	0	0	4459348	7604152	GSE103441	GSM2771380	29531038	Pto-AvrRpt2			
SRX3159018	2018-02-27 16:49:07	223283	Pseudomonas syringae pv. tomato str. DC3000	251701	1236	223283	Pseudomonas syringae group genomosp. 3	SINGLE	ILLUMINA	Illumina HiSeq 3000	SRR6003734	SRP117027	PRJNA401856	401856	SRS2490342	SAMN07604151	SRA605255	RNA-Seq	cDNA	TRANSCRIPTOMIC		GEO	0	0	4459349	7604151	GSE103441	GSM2771381	29531038	Pto			
SRX3159019	2018-02-27 16:49:08	223283	Pseudomonas syringae pv. tomato str. DC3000	251701	1236	223283	Pseudomonas syringae group genomosp. 3	SINGLE	ILLUMINA	Illumina HiSeq 3000	SRR6003735	SRP117027	PRJNA401856	401856	SRS2490343	SAMN07604205	SRA605255	RNA-Seq	cDNA	TRANSCRIPTOMIC		GEO	0	0	4459350	7604205	GSE103441	GSM2771382	29531038	Pto			
SRX3159020	2018-02-27 16:49:08	223283	Pseudomonas syringae pv. tomato str. DC3000	251701	1236	223283	Pseudomonas syringae group genomosp. 3	SINGLE	ILLUMINA	Illumina HiSeq 3000	SRR6003736	SRP117027	PRJNA401856	401856	SRS2490344	SAMN07604157	SRA605255	RNA-Seq	cDNA	TRANSCRIPTOMIC		GEO	0	0	4459351	7604157	GSE103441	GSM2771383	29531038	Pto			
SRX3159021	2018-02-27 16:49:08	223283	Pseudomonas syringae pv. tomato str. DC3000	251701	1236	223283	Pseudomonas syringae group genomosp. 3	SINGLE	ILLUMINA	Illumina HiSeq 3000	SRR6003737	SRP117027	PRJNA401856	401856	SRS2490345	SAMN07604204	SRA605255	RNA-Seq	cDNA	TRANSCRIPTOMIC		GEO	0	0	4459352	7604204	GSE103441	GSM2771384	29531038	Pto			
SRX3159022	2018-02-27 16:49:08	223283	Pseudomonas syringae pv. tomato str. DC3000	251701	1236	223283	Pseudomonas syringae group genomosp. 3	SINGLE	ILLUMINA	Illumina HiSeq 3000	SRR6003738	SRP117027	PRJNA401856	401856	SRS2490347	SAMN07604203	SRA605255	RNA-Seq	cDNA	TRANSCRIPTOMIC		GEO	0	0	4459353	7604203	GSE103441	GSM2771385	29531038	Pto-AvrRpt2			
SRX3159023	2018-02-27 16:49:08	223283	Pseudomonas syringae pv. tomato str. DC3000	251701	1236	223283	Pseudomonas syringae group genomosp. 3	SINGLE	ILLUMINA	Illumina HiSeq 3000	SRR6003739	SRP117027	PRJNA401856	401856	SRS2490346	SAMN07604202	SRA605255	RNA-Seq	cDNA	TRANSCRIPTOMIC		GEO	0	0	4459354	7604202	GSE103441	GSM2771386	29531038	Pto-AvrRpt2			
SRX3159024	2018-02-27 16:49:08	223283	Pseudomonas syringae pv. tomato str. DC3000	251701	1236	223283	Pseudomonas syringae group genomosp. 3	SINGLE	ILLUMINA	Illumina HiSeq 3000	SRR6003740	SRP117027	PRJNA401856	401856	SRS2490348	SAMN07604201	SRA605255	RNA-Seq	cDNA	TRANSCRIPTOMIC		GEO	0	0	4459355	7604201	GSE103441	GSM2771387	29531038	Pto-AvrRpt2			
SRX3159025	2018-02-27 16:49:08	223283	Pseudomonas syringae pv. tomato str. DC3000	251701	1236	223283	Pseudomonas syringae group genomosp. 3	SINGLE	ILLUMINA	Illumina HiSeq 3000	SRR6003741	SRP117027	PRJNA401856	401856	SRS2490349	SAMN07604200	SRA605255	RNA-Seq	cDNA	TRANSCRIPTOMIC		GEO	0	0	4459356	7604200	GSE103441	GSM2771388	29531038	Pto-AvrRpt2			
SRX3159026	2018-02-27 16:49:08	223283	Pseudomonas syringae pv. tomato str. DC3000	251701	1236	223283	Pseudomonas syringae group genomosp. 3	SINGLE	ILLUMINA	Illumina HiSeq 3000	SRR6003742	SRP117027	PRJNA401856	401856	SRS2490350	SAMN07604199	SRA605255	RNA-Seq	cDNA	TRANSCRIPTOMIC		GEO	0	0	4459357	7604199	GSE103441	GSM2771389	29531038	Pto			
SRX3159027	2018-02-27 16:49:08	223283	Pseudomonas syringae pv. tomato str. DC3000	251701	1236	223283	Pseudomonas syringae group genomosp. 3	SINGLE	ILLUMINA	Illumina HiSeq 3000	SRR6003743	SRP117027	PRJNA401856	401856	SRS2490351	SAMN07604198	SRA605255	RNA-Seq	cDNA	TRANSCRIPTOMIC		GEO	0	0	4459358	7604198	GSE103441	GSM2771390	29531038	Pto			
SRX3159028	2018-02-27 16:49:08	223283	Pseudomonas syringae pv. tomato str. DC3000	251701	1236	223283	Pseudomonas syringae group genomosp. 3	SINGLE	ILLUMINA	Illumina HiSeq 3000	SRR6003746	SRP117027	PRJNA401856	401856	SRS2490352	SAMN07604195	SRA605255	RNA-Seq	cDNA	TRANSCRIPTOMIC		GEO	0	0	4459359	7604195	GSE103441	GSM2771393	29531038	Pto-AvrRpt2			
SRX3159029	2018-02-27 16:49:08	223283	Pseudomonas syringae pv. tomato str. DC3000	251701	1236	223283	Pseudomonas syringae group genomosp. 3	SINGLE	ILLUMINA	Illumina HiSeq 3000	SRR6003747	SRP117027	PRJNA401856	401856	SRS2490353	SAMN07604194	SRA605255	RNA-Seq	cDNA	TRANSCRIPTOMIC		GEO	0	0	4459360	7604194	GSE103441	GSM2771394	29531038	Pto-AvrRpt2			
SRX3159030	2018-02-27 16:49:08	223283	Pseudomonas syringae pv. tomato str. DC3000	251701	1236	223283	Pseudomonas syringae group genomosp. 3	SINGLE	ILLUMINA	Illumina HiSeq 3000	SRR6003748	SRP117027	PRJNA401856	401856	SRS2490354	SAMN07604193	SRA605255	RNA-Seq	cDNA	TRANSCRIPTOMIC		GEO	0	0	4459361	7604193	GSE103441	GSM2771395	29531038	Pto-AvrRpt2			
SRX3159031	2018-02-27 16:49:08	223283	Pseudomonas syringae pv. tomato str. DC3000	251701	1236	223283	Pseudomonas syringae group genomosp. 3	SINGLE	ILLUMINA	Illumina HiSeq 3000	SRR6003749	SRP117027	PRJNA401856	401856	SRS2490355	SAMN07604192	SRA605255	RNA-Seq	cDNA	TRANSCRIPTOMIC		GEO	0	0	4459362	7604192	GSE103441	GSM2771396	29531038	Pto-AvrRpt2			
SRX3159032	2018-02-27 16:49:08	223283	Pseudomonas syringae pv. tomato str. DC3000	251701	1236	223283	Pseudomonas syringae group genomosp. 3	SINGLE	ILLUMINA	Illumina HiSeq 3000	SRR6003750	SRP117027	PRJNA401856	401856	SRS2490356	SAMN07604182	SRA605255	RNA-Seq	cDNA	TRANSCRIPTOMIC		GEO	0	0	4459363	7604182	GSE103441	GSM2771397	29531038	Pto			
SRX3159033	2018-02-27 16:49:08	223283	Pseudomonas syringae pv. tomato str. DC3000	251701	1236	223283	Pseudomonas syringae group genomosp. 3	SINGLE	ILLUMINA	Illumina HiSeq 3000	SRR6003751	SRP117027	PRJNA401856	401856	SRS2490357	SAMN07604181	SRA605255	RNA-Seq	cDNA	TRANSCRIPTOMIC		GEO	0	0	4459364	7604181	GSE103441	GSM2771398	29531038	Pto			
SRX3159034	2018-02-27 16:49:08	223283	Pseudomonas syringae pv. tomato str. DC3000	251701	1236	223283	Pseudomonas syringae group genomosp. 3	SINGLE	ILLUMINA	Illumina HiSeq 3000	SRR6003752	SRP117027	PRJNA401856	401856	SRS2490358	SAMN07604180	SRA605255	RNA-Seq	cDNA	TRANSCRIPTOMIC		GEO	0	0	4459365	7604180	GSE103441	GSM2771399	29531038	Pto			
SRX3159035	2018-02-27 16:49:08	223283	Pseudomonas syringae pv. tomato str. DC3000	251701	1236	223283	Pseudomonas syringae group genomosp. 3	SINGLE	ILLUMINA	Illumina HiSeq 3000	SRR6003753	SRP117027	PRJNA401856	401856	SRS2490359	SAMN07604179	SRA605255	RNA-Seq	cDNA	TRANSCRIPTOMIC		GEO	0	0	4459366	7604179	GSE103441	GSM2771400	29531038	Pto			
SRX3159036	2018-02-27 16:49:08	223283	Pseudomonas syringae pv. tomato str. DC3000	251701	1236	223283	Pseudomonas syringae group genomosp. 3	SINGLE	ILLUMINA	Illumina HiSeq 3000	SRR6003754	SRP117027	PRJNA401856	401856	SRS2490360	SAMN07604178	SRA605255	RNA-Seq	cDNA	TRANSCRIPTOMIC		GEO	0	0	4459367	7604178	GSE103441	GSM2771401	29531038	Pto			
SRX3159037	2018-02-27 16:49:08	223283	Pseudomonas syringae pv. tomato str. DC3000	251701	1236	223283	Pseudomonas syringae group genomosp. 3	SINGLE	ILLUMINA	Illumina HiSeq 3000	SRR6003755	SRP117027	PRJNA401856	401856	SRS2490361	SAMN07604177	SRA605255	RNA-Seq	cDNA	TRANSCRIPTOMIC		GEO	0	0	4459368	7604177	GSE103441	GSM2771402	29531038	Pto			
SRX3159038	2018-02-27 16:49:08	223283	Pseudomonas syringae pv. tomato str. DC3000	251701	1236	223283	Pseudomonas syringae group genomosp. 3	SINGLE	ILLUMINA	Illumina HiSeq 3000	SRR6003756	SRP117027	PRJNA401856	401856	SRS2490362	SAMN07604176	SRA605255	RNA-Seq	cDNA	TRANSCRIPTOMIC		GEO	0	0	4459369	7604176	GSE103441	GSM2771403	29531038	Pto			
SRX3159039	2018-02-27 16:49:08	223283	Pseudomonas syringae pv. tomato str. DC3000	251701	1236	223283	Pseudomonas syringae group genomosp. 3	SINGLE	ILLUMINA	Illumina HiSeq 3000	SRR6003757	SRP117027	PRJNA401856	401856	SRS2490363	SAMN07604175	SRA605255	RNA-Seq	cDNA	TRANSCRIPTOMIC		GEO	0	0	4459370	7604175	GSE103441	GSM2771404	29531038	Pto-AvrRpt2			
SRX3159040	2018-02-27 16:49:08	223283	Pseudomonas syringae pv. tomato str. DC3000	251701	1236	223283	Pseudomonas syringae group genomosp. 3	SINGLE	ILLUMINA	Illumina HiSeq 3000	SRR6003758	SRP117027	PRJNA401856	401856	SRS2490364	SAMN07604174	SRA605255	RNA-Seq	cDNA	TRANSCRIPTOMIC		GEO	0	0	4459371	7604174	GSE103441	GSM2771405	29531038	Pto-AvrRpt2			
SRX3159041	2018-02-27 16:49:08	223283	Pseudomonas syringae pv. tomato str. DC3000	251701	1236	223283	Pseudomonas syringae group genomosp. 3	SINGLE	ILLUMINA	Illumina HiSeq 3000	SRR6003759	SRP117027	PRJNA401856	401856	SRS2490365	SAMN07604173	SRA605255	RNA-Seq	cDNA	TRANSCRIPTOMIC		GEO	0	0	4459372	7604173	GSE103441	GSM2771406	29531038	Pto-AvrRpt2			
SRX3159042	2018-02-27 16:49:08	223283	Pseudomonas syringae pv. tomato str. DC3000	251701	1236	223283	Pseudomonas syringae group genomosp. 3	SINGLE	ILLUMINA	Illumina HiSeq 3000	SRR6003760	SRP117027	PRJNA401856	401856	SRS2490366	SAMN07604229	SRA605255	RNA-Seq	cDNA	TRANSCRIPTOMIC		GEO	0	0	4459373	7604229	GSE103441	GSM2771407	29531038	Pto			
SRX3159043	2018-02-27 16:49:08	223283	Pseudomonas syringae pv. tomato str. DC3000	251701	1236	223283	Pseudomonas syringae group genomosp. 3	SINGLE	ILLUMINA	Illumina HiSeq 3000	SRR6003761	SRP117027	PRJNA401856	401856	SRS2490367	SAMN07604226	SRA605255	RNA-Seq	cDNA	TRANSCRIPTOMIC		GEO	0	0	4459374	7604226	GSE103441	GSM2771408	29531038	Pto			
SRX3159044	2018-02-27 16:49:08	223283	Pseudomonas syringae pv. tomato str. DC3000	251701	1236	223283	Pseudomonas syringae group genomosp. 3	SINGLE	ILLUMINA	Illumina HiSeq 3000	SRR6003762	SRP117027	PRJNA401856	401856	SRS2490368	SAMN07604225	SRA605255	RNA-Seq	cDNA	TRANSCRIPTOMIC		GEO	0	0	4459375	7604225	GSE103441	GSM2771409	29531038	Pto			
SRX3159045	2018-02-27 16:49:08	223283	Pseudomonas syringae pv. tomato str. DC3000	251701	1236	223283	Pseudomonas syringae group genomosp. 3	SINGLE	ILLUMINA	Illumina HiSeq 3000	SRR6003763	SRP117027	PRJNA401856	401856	SRS2490369	SAMN07604224	SRA605255	RNA-Seq	cDNA	TRANSCRIPTOMIC		GEO	0	0	4459376	7604224	GSE103441	GSM2771410	29531038	Pto-AvrRpt2			
SRX3159046	2018-02-27 16:49:08	223283	Pseudomonas syringae pv. tomato str. DC3000	251701	1236	223283	Pseudomonas syringae group genomosp. 3	SINGLE	ILLUMINA	Illumina HiSeq 3000	SRR6003764	SRP117027	PRJNA401856	401856	SRS2490370	SAMN07604085	SRA605255	RNA-Seq	cDNA	TRANSCRIPTOMIC		GEO	0	0	4459377	7604085	GSE103441	GSM2771411	29531038	Pto-AvrRpt2			
SRX3159047	2018-02-27 16:49:08	223283	Pseudomonas syringae pv. tomato str. DC3000	251701	1236	223283	Pseudomonas syringae group genomosp. 3	SINGLE	ILLUMINA	Illumina HiSeq 3000	SRR6003765	SRP117027	PRJNA401856	401856	SRS2490371	SAMN07604132	SRA605255	RNA-Seq	cDNA	TRANSCRIPTOMIC		GEO	0	0	4459378	7604132	GSE103441	GSM2771412	29531038	Pto-AvrRpt2			
SRX3159048	2018-02-27 16:49:08	223283	Pseudomonas syringae pv. tomato str. DC3000	251701	1236	223283	Pseudomonas syringae group genomosp. 3	SINGLE	ILLUMINA	Illumina HiSeq 3000	SRR6003766	SRP117027	PRJNA401856	401856	SRS2490372	SAMN07604228	SRA605255	RNA-Seq	cDNA	TRANSCRIPTOMIC		GEO	0	0	4459379	7604228	GSE103441	GSM2771413	29531038	Pto			
SRX3159049	2018-02-27 16:49:08	223283	Pseudomonas syringae pv. tomato str. DC3000	251701	1236	223283	Pseudomonas syringae group genomosp. 3	SINGLE	ILLUMINA	Illumina HiSeq 3000	SRR6003767	SRP117027	PRJNA401856	401856	SRS2490373	SAMN07604227	SRA605255	RNA-Seq	cDNA	TRANSCRIPTOMIC		GEO	0	0	4459380	7604227	GSE103441	GSM2771414	29531038	Pto			
SRX3159050	2018-02-27 16:49:08	223283	Pseudomonas syringae pv. tomato str. DC3000	251701	1236	223283	Pseudomonas syringae group genomosp. 3	SINGLE	ILLUMINA	Illumina HiSeq 3000	SRR6003768	SRP117027	PRJNA401856	401856	SRS2490375	SAMN07604131	SRA605255	RNA-Seq	cDNA	TRANSCRIPTOMIC		GEO	0	0	4459381	7604131	GSE103441	GSM2771415	29531038	Pto			
SRX3159051	2018-02-27 16:49:08	223283	Pseudomonas syringae pv. tomato str. DC3000	251701	1236	223283	Pseudomonas syringae group genomosp. 3	SINGLE	ILLUMINA	Illumina HiSeq 3000	SRR6003769	SRP117027	PRJNA401856	401856	SRS2490374	SAMN07604130	SRA605255	RNA-Seq	cDNA	TRANSCRIPTOMIC		GEO	0	0	4459382	7604130	GSE103441	GSM2771416	29531038	Pto			
SRX3159052	2018-02-27 16:49:08	223283	Pseudomonas syringae pv. tomato str. DC3000	251701	1236	223283	Pseudomonas syringae group genomosp. 3	SINGLE	ILLUMINA	Illumina HiSeq 3000	SRR6003770	SRP117027	PRJNA401856	401856	SRS2490377	SAMN07604129	SRA605255	RNA-Seq	cDNA	TRANSCRIPTOMIC		GEO	0	0	4459383	7604129	GSE103441	GSM2771417	29531038	Pto-AvrRpt2			
SRX3159053	2018-02-27 16:49:08	223283	Pseudomonas syringae pv. tomato str. DC3000	251701	1236	223283	Pseudomonas syringae group genomosp. 3	SINGLE	ILLUMINA	Illumina HiSeq 3000	SRR6003771	SRP117027	PRJNA401856	401856	SRS2490376	SAMN07604128	SRA605255	RNA-Seq	cDNA	TRANSCRIPTOMIC		GEO	0	0	4459384	7604128	GSE103441	GSM2771418	29531038	Pto-AvrRpt2			
SRX3159054	2018-02-27 16:49:08	223283	Pseudomonas syringae pv. tomato str. DC3000	251701	1236	223283	Pseudomonas syringae group genomosp. 3	SINGLE	ILLUMINA	Illumina HiSeq 3000	SRR6003772	SRP117027	PRJNA401856	401856	SRS2490379	SAMN07604127	SRA605255	RNA-Seq	cDNA	TRANSCRIPTOMIC		GEO	0	0	4459385	7604127	GSE103441	GSM2771419	29531038	Pto-AvrRpt2			
SRX3159055	2018-02-27 16:49:08	223283	Pseudomonas syringae pv. tomato str. DC3000	251701	1236	223283	Pseudomonas syringae group genomosp. 3	SINGLE	ILLUMINA	Illumina HiSeq 3000	SRR6003773	SRP117027	PRJNA401856	401856	SRS2490378	SAMN07604126	SRA605255	RNA-Seq	cDNA	TRANSCRIPTOMIC		GEO	0	0	4459386	7604126	GSE103441	GSM2771420	29531038	Pto-AvrRpt2			
SRX3159056	2018-02-27 16:49:08	223283	Pseudomonas syringae pv. tomato str. DC3000	251701	1236	223283	Pseudomonas syringae group genomosp. 3	SINGLE	ILLUMINA	Illumina HiSeq 3000	SRR6003774	SRP117027	PRJNA401856	401856	SRS2490380	SAMN07604125	SRA605255	RNA-Seq	cDNA	TRANSCRIPTOMIC		GEO	0	0	4459387	7604125	GSE103441	GSM2771421	29531038	Pto-AvrRpt2			
SRX3159057	2018-02-27 16:49:08	223283	Pseudomonas syringae pv. tomato str. DC3000	251701	1236	223283	Pseudomonas syringae group genomosp. 3	SINGLE	ILLUMINA	Illumina HiSeq 3000	SRR6003775	SRP117027	PRJNA401856	401856	SRS2490381	SAMN07604124	SRA605255	RNA-Seq	cDNA	TRANSCRIPTOMIC		GEO	0	0	4459388	7604124	GSE103441	GSM2771422	29531038	Pto-AvrRpt2			
SRX3159058	2018-02-27 16:49:08	223283	Pseudomonas syringae pv. tomato str. DC3000	251701	1236	223283	Pseudomonas syringae group genomosp. 3	SINGLE	ILLUMINA	Illumina HiSeq 3000	SRR6003776	SRP117027	PRJNA401856	401856	SRS2490382	SAMN07604123	SRA605255	RNA-Seq	cDNA	TRANSCRIPTOMIC		GEO	0	0	4459389	7604123	GSE103441	GSM2771423	29531038	Pto-AvrRpt2			
SRX3159059	2018-02-27 16:49:08	223283	Pseudomonas syringae pv. tomato str. DC3000	251701	1236	223283	Pseudomonas syringae group genomosp. 3	SINGLE	ILLUMINA	Illumina HiSeq 3000	SRR6003777	SRP117027	PRJNA401856	401856	SRS2490383	SAMN07604122	SRA605255	RNA-Seq	cDNA	TRANSCRIPTOMIC		GEO	0	0	4459390	7604122	GSE103441	GSM2771424	29531038	Pto-AvrRpt2			
SRX3159060	2018-02-27 16:49:08	223283	Pseudomonas syringae pv. tomato str. DC3000	251701	1236	223283	Pseudomonas syringae group genomosp. 3	SINGLE	ILLUMINA	Illumina HiSeq 3000	SRR6003778	SRP117027	PRJNA401856	401856	SRS2490384	SAMN07604121	SRA605255	RNA-Seq	cDNA	TRANSCRIPTOMIC		GEO	0	0	4459391	7604121	GSE103441	GSM2771425	29531038	Pto-AvrRpt2			
SRX3159061	2018-02-27 16:49:08	223283	Pseudomonas syringae pv. tomato str. DC3000	251701	1236	223283	Pseudomonas syringae group genomosp. 3	SINGLE	ILLUMINA	Illumina HiSeq 3000	SRR6003779	SRP117027	PRJNA401856	401856	SRS2490385	SAMN07604120	SRA605255	RNA-Seq	cDNA	TRANSCRIPTOMIC		GEO	0	0	4459392	7604120	GSE103441	GSM2771426	29531038	Pto-AvrRpt2			
SRX3159062	2018-02-27 16:49:08	223283	Pseudomonas syringae pv. tomato str. DC3000	251701	1236	223283	Pseudomonas syringae group genomosp. 3	SINGLE	ILLUMINA	Illumina HiSeq 3000	SRR6003780	SRP117027	PRJNA401856	401856	SRS2490386	SAMN07604119	SRA605255	RNA-Seq	cDNA	TRANSCRIPTOMIC		GEO	0	0	4459393	7604119	GSE103441	GSM2771427	29531038	Pto			
SRX3159063	2018-02-27 16:49:08	223283	Pseudomonas syringae pv. tomato str. DC3000	251701	1236	223283	Pseudomonas syringae group genomosp. 3	SINGLE	ILLUMINA	Illumina HiSeq 3000	SRR6003781	SRP117027	PRJNA401856	401856	SRS2490389	SAMN07604118	SRA605255	RNA-Seq	cDNA	TRANSCRIPTOMIC		GEO	0	0	4459394	7604118	GSE103441	GSM2771428	29531038	Pto			
SRX3159064	2018-02-27 16:49:08	223283	Pseudomonas syringae pv. tomato str. DC3000	251701	1236	223283	Pseudomonas syringae group genomosp. 3	SINGLE	ILLUMINA	Illumina HiSeq 3000	SRR6003782	SRP117027	PRJNA401856	401856	SRS2490387	SAMN07604117	SRA605255	RNA-Seq	cDNA	TRANSCRIPTOMIC		GEO	0	0	4459395	7604117	GSE103441	GSM2771429	29531038	Pto			
SRX3159065	2018-02-27 16:49:08	223283	Pseudomonas syringae pv. tomato str. DC3000	251701	1236	223283	Pseudomonas syringae group genomosp. 3	SINGLE	ILLUMINA	Illumina HiSeq 3000	SRR6003783	SRP117027	PRJNA401856	401856	SRS2490388	SAMN07604116	SRA605255	RNA-Seq	cDNA	TRANSCRIPTOMIC		GEO	0	0	4459396	7604116	GSE103441	GSM2771430	29531038	Pto			
SRX3159066	2018-02-27 16:49:08	223283	Pseudomonas syringae pv. tomato str. DC3000	251701	1236	223283	Pseudomonas syringae group genomosp. 3	SINGLE	ILLUMINA	Illumina HiSeq 3000	SRR6003784	SRP117027	PRJNA401856	401856	SRS2490390	SAMN07604115	SRA605255	RNA-Seq	cDNA	TRANSCRIPTOMIC		GEO	0	0	4459397	7604115	GSE103441	GSM2771431	29531038	Pto			
SRX3159067	2018-02-27 16:49:08	223283	Pseudomonas syringae pv. tomato str. DC3000	251701	1236	223283	Pseudomonas syringae group genomosp. 3	SINGLE	ILLUMINA	Illumina HiSeq 3000	SRR6003785	SRP117027	PRJNA401856	401856	SRS2490391	SAMN07604114	SRA605255	RNA-Seq	cDNA	TRANSCRIPTOMIC		GEO	0	0	4459398	7604114	GSE103441	GSM2771432	29531038	Pto			
SRX3159068	2018-02-27 16:49:08	223283	Pseudomonas syringae pv. tomato str. DC3000	251701	1236	223283	Pseudomonas syringae group genomosp. 3	SINGLE	ILLUMINA	Illumina HiSeq 3000	SRR6003786	SRP117027	PRJNA401856	401856	SRS2490392	SAMN07604113	SRA605255	RNA-Seq	cDNA	TRANSCRIPTOMIC		GEO	0	0	4459399	7604113	GSE103441	GSM2771433	29531038	Pto			
SRX3159069	2018-02-27 16:49:09	223283	Pseudomonas syringae pv. tomato str. DC3000	251701	1236	223283	Pseudomonas syringae group genomosp. 3	SINGLE	ILLUMINA	Illumina HiSeq 3000	SRR6003787	SRP117027	PRJNA401856	401856	SRS2490394	SAMN07604112	SRA605255	RNA-Seq	cDNA	TRANSCRIPTOMIC		GEO	0	0	4459400	7604112	GSE103441	GSM2771434	29531038	Pto			
SRX3159070	2018-02-27 16:49:09	223283	Pseudomonas syringae pv. tomato str. DC3000	251701	1236	223283	Pseudomonas syringae group genomosp. 3	SINGLE	ILLUMINA	Illumina HiSeq 3000	SRR6003788	SRP117027	PRJNA401856	401856	SRS2490395	SAMN07604111	SRA605255	RNA-Seq	cDNA	TRANSCRIPTOMIC		GEO	0	0	4459401	7604111	GSE103441	GSM2771435	29531038	Pto			
SRX3159071	2018-02-27 16:49:09	223283	Pseudomonas syringae pv. tomato str. DC3000	251701	1236	223283	Pseudomonas syringae group genomosp. 3	SINGLE	ILLUMINA	Illumina HiSeq 3000	SRR6003789	SRP117027	PRJNA401856	401856	SRS2490393	SAMN07604110	SRA605255	RNA-Seq	cDNA	TRANSCRIPTOMIC		GEO	0	0	4459402	7604110	GSE103441	GSM2771436	29531038	Pto			
SRX3159072	2018-02-27 16:49:09	223283	Pseudomonas syringae pv. tomato str. DC3000	251701	1236	223283	Pseudomonas syringae group genomosp. 3	SINGLE	ILLUMINA	Illumina HiSeq 3000	SRR6003790	SRP117027	PRJNA401856	401856	SRS2490396	SAMN07604109	SRA605255	RNA-Seq	cDNA	TRANSCRIPTOMIC		GEO	0	0	4459403	7604109	GSE103441	GSM2771437	29531038	Pto			
SRX3159073	2018-02-27 16:49:09	223283	Pseudomonas syringae pv. tomato str. DC3000	251701	1236	223283	Pseudomonas syringae group genomosp. 3	SINGLE	ILLUMINA	Illumina HiSeq 3000	SRR6003791	SRP117027	PRJNA401856	401856	SRS2490397	SAMN07604108	SRA605255	RNA-Seq	cDNA	TRANSCRIPTOMIC		GEO	0	0	4459404	7604108	GSE103441	GSM2771438	29531038	Pto			
SRX3159074	2018-02-27 16:49:09	223283	Pseudomonas syringae pv. tomato str. DC3000	251701	1236	223283	Pseudomonas syringae group genomosp. 3	SINGLE	ILLUMINA	Illumina HiSeq 3000	SRR6003792	SRP117027	PRJNA401856	401856	SRS2490398	SAMN07604107	SRA605255	RNA-Seq	cDNA	TRANSCRIPTOMIC		GEO	0	0	4459405	7604107	GSE103441	GSM2771439	29531038	Pto			
SRX3159075	2018-02-27 16:49:09	223283	Pseudomonas syringae pv. tomato str. DC3000	251701	1236	223283	Pseudomonas syringae group genomosp. 3	SINGLE	ILLUMINA	Illumina HiSeq 3000	SRR6003793	SRP117027	PRJNA401856	401856	SRS2490400	SAMN07604106	SRA605255	RNA-Seq	cDNA	TRANSCRIPTOMIC		GEO	0	0	4459406	7604106	GSE103441	GSM2771440	29531038	Pto			
SRX3159076	2018-02-27 16:49:09	223283	Pseudomonas syringae pv. tomato str. DC3000	251701	1236	223283	Pseudomonas syringae group genomosp. 3	SINGLE	ILLUMINA	Illumina HiSeq 3000	SRR6003794	SRP117027	PRJNA401856	401856	SRS2490399	SAMN07604105	SRA605255	RNA-Seq	cDNA	TRANSCRIPTOMIC		GEO	0	0	4459407	7604105	GSE103441	GSM2771441	29531038	Pto-AvrRpt2			
SRX3159077	2018-02-27 16:49:09	223283	Pseudomonas syringae pv. tomato str. DC3000	251701	1236	223283	Pseudomonas syringae group genomosp. 3	SINGLE	ILLUMINA	Illumina HiSeq 3000	SRR6003795	SRP117027	PRJNA401856	401856	SRS2490401	SAMN07604104	SRA605255	RNA-Seq	cDNA	TRANSCRIPTOMIC		GEO	0	0	4459408	7604104	GSE103441	GSM2771442	29531038	Pto-AvrRps4			
SRX3159078	2018-02-27 16:49:09	223283	Pseudomonas syringae pv. tomato str. DC3000	251701	1236	223283	Pseudomonas syringae group genomosp. 3	SINGLE	ILLUMINA	Illumina HiSeq 3000	SRR6003796	SRP117027	PRJNA401856	401856	SRS2490402	SAMN07604150	SRA605255	RNA-Seq	cDNA	TRANSCRIPTOMIC		GEO	0	0	4459409	7604150	GSE103441	GSM2771443	29531038	Pto-D36E			
SRX3159079	2018-02-27 16:49:09	223283	Pseudomonas syringae pv. tomato str. DC3000	251701	1236	223283	Pseudomonas syringae group genomosp. 3	SINGLE	ILLUMINA	Illumina HiSeq 3000	SRR6003797	SRP117027	PRJNA401856	401856	SRS2490404	SAMN07604149	SRA605255	RNA-Seq	cDNA	TRANSCRIPTOMIC		GEO	0	0	4459410	7604149	GSE103441	GSM2771444	29531038	Pto			
SRX3159080	2018-02-27 16:49:09	223283	Pseudomonas syringae pv. tomato str. DC3000	251701	1236	223283	Pseudomonas syringae group genomosp. 3	SINGLE	ILLUMINA	Illumina HiSeq 3000	SRR6003798	SRP117027	PRJNA401856	401856	SRS2490403	SAMN07604148	SRA605255	RNA-Seq	cDNA	TRANSCRIPTOMIC		GEO	0	0	4459411	7604148	GSE103441	GSM2771445	29531038	Pto-AvrRpt2			
SRX3159081	2018-02-27 16:49:09	223283	Pseudomonas syringae pv. tomato str. DC3000	251701	1236	223283	Pseudomonas syringae group genomosp. 3	SINGLE	ILLUMINA	Illumina HiSeq 3000	SRR6003799	SRP117027	PRJNA401856	401856	SRS2490405	SAMN07604147	SRA605255	RNA-Seq	cDNA	TRANSCRIPTOMIC		GEO	0	0	4459412	7604147	GSE103441	GSM2771446	29531038	Pto-D36E			
SRX3159082	2018-02-27 16:49:09	223283	Pseudomonas syringae pv. tomato str. DC3000	251701	1236	223283	Pseudomonas syringae group genomosp. 3	SINGLE	ILLUMINA	Illumina HiSeq 3000	SRR6003800	SRP117027	PRJNA401856	401856	SRS2490406	SAMN07604146	SRA605255	RNA-Seq	cDNA	TRANSCRIPTOMIC		GEO	0	0	4459413	7604146	GSE103441	GSM2771447	29531038	Pto			
SRX3159083	2018-02-27 16:49:09	223283	Pseudomonas syringae pv. tomato str. DC3000	251701	1236	223283	Pseudomonas syringae group genomosp. 3	SINGLE	ILLUMINA	Illumina HiSeq 3000	SRR6003801	SRP117027	PRJNA401856	401856	SRS2490407	SAMN07604145	SRA605255	RNA-Seq	cDNA	TRANSCRIPTOMIC		GEO	0	0	4459414	7604145	GSE103441	GSM2771448	29531038	Pto-AvrRpt2			
SRX3159084	2018-02-27 16:49:09	223283	Pseudomonas syringae pv. tomato str. DC3000	251701	1236	223283	Pseudomonas syringae group genomosp. 3	SINGLE	ILLUMINA	Illumina HiSeq 3000	SRR6003802	SRP117027	PRJNA401856	401856	SRS2490408	SAMN07604144	SRA605255	RNA-Seq	cDNA	TRANSCRIPTOMIC		GEO	0	0	4459415	7604144	GSE103441	GSM2771449	29531038	Pto-AvrRps4			
SRX3159085	2018-02-27 16:49:09	223283	Pseudomonas syringae pv. tomato str. DC3000	251701	1236	223283	Pseudomonas syringae group genomosp. 3	SINGLE	ILLUMINA	Illumina HiSeq 3000	SRR6003803	SRP117027	PRJNA401856	401856	SRS2490409	SAMN07604143	SRA605255	RNA-Seq	cDNA	TRANSCRIPTOMIC		GEO	0	0	4459416	7604143	GSE103441	GSM2771450	29531038	Pto-D36E			
SRX3159086	2018-02-27 16:49:09	223283	Pseudomonas syringae pv. tomato str. DC3000	251701	1236	223283	Pseudomonas syringae group genomosp. 3	SINGLE	ILLUMINA	Illumina HiSeq 3000	SRR6003804	SRP117027	PRJNA401856	401856	SRS2490410	SAMN07604142	SRA605255	RNA-Seq	cDNA	TRANSCRIPTOMIC		GEO	0	0	4459417	7604142	GSE103441	GSM2771451	29531038	Pto			
SRX3159087	2018-02-27 16:49:09	223283	Pseudomonas syringae pv. tomato str. DC3000	251701	1236	223283	Pseudomonas syringae group genomosp. 3	SINGLE	ILLUMINA	Illumina HiSeq 3000	SRR6003805	SRP117027	PRJNA401856	401856	SRS2490411	SAMN07604141	SRA605255	RNA-Seq	cDNA	TRANSCRIPTOMIC		GEO	0	0	4459418	7604141	GSE103441	GSM2771452	29531038	Pto			
SRX3159088	2018-02-27 16:49:09	223283	Pseudomonas syringae pv. tomato str. DC3000	251701	1236	223283	Pseudomonas syringae group genomosp. 3	SINGLE	ILLUMINA	Illumina HiSeq 3000	SRR6003806	SRP117027	PRJNA401856	401856	SRS2490412	SAMN07604140	SRA605255	RNA-Seq	cDNA	TRANSCRIPTOMIC		GEO	0	0	4459419	7604140	GSE103441	GSM2771453	29531038	Pto			
SRX3159089	2018-02-27 16:49:09	223283	Pseudomonas syringae pv. tomato str. DC3000	251701	1236	223283	Pseudomonas syringae group genomosp. 3	SINGLE	ILLUMINA	Illumina HiSeq 3000	SRR6003807	SRP117027	PRJNA401856	401856	SRS2490413	SAMN07604139	SRA605255	RNA-Seq	cDNA	TRANSCRIPTOMIC		GEO	0	0	4459420	7604139	GSE103441	GSM2771454	29531038	Pto-AvrRpt2			
SRX3159090	2018-02-27 16:49:09	223283	Pseudomonas syringae pv. tomato str. DC3000	251701	1236	223283	Pseudomonas syringae group genomosp. 3	SINGLE	ILLUMINA	Illumina HiSeq 3000	SRR6003808	SRP117027	PRJNA401856	401856	SRS2490414	SAMN07604138	SRA605255	RNA-Seq	cDNA	TRANSCRIPTOMIC		GEO	0	0	4459421	7604138	GSE103441	GSM2771455	29531038	Pto-AvrRpt2			
SRX3159091	2018-02-27 16:49:09	223283	Pseudomonas syringae pv. tomato str. DC3000	251701	1236	223283	Pseudomonas syringae group genomosp. 3	SINGLE	ILLUMINA	Illumina HiSeq 3000	SRR6003809	SRP117027	PRJNA401856	401856	SRS2490416	SAMN07604137	SRA605255	RNA-Seq	cDNA	TRANSCRIPTOMIC		GEO	0	0	4459422	7604137	GSE103441	GSM2771456	29531038	Pto-AvrRpt2			
SRX3159092	2018-02-27 16:49:09	223283	Pseudomonas syringae pv. tomato str. DC3000	251701	1236	223283	Pseudomonas syringae group genomosp. 3	SINGLE	ILLUMINA	Illumina HiSeq 3000	SRR6003810	SRP117027	PRJNA401856	401856	SRS2490415	SAMN07604136	SRA605255	RNA-Seq	cDNA	TRANSCRIPTOMIC		GEO	0	0	4459423	7604136	GSE103441	GSM2771457	29531038	Pto			
SRX3159093	2018-02-27 16:49:09	223283	Pseudomonas syringae pv. tomato str. DC3000	251701	1236	223283	Pseudomonas syringae group genomosp. 3	SINGLE	ILLUMINA	Illumina HiSeq 3000	SRR6003811	SRP117027	PRJNA401856	401856	SRS2490417	SAMN07604135	SRA605255	RNA-Seq	cDNA	TRANSCRIPTOMIC		GEO	0	0	4459424	7604135	GSE103441	GSM2771458	29531038	Pto			
SRX3159094	2018-02-27 16:49:09	223283	Pseudomonas syringae pv. tomato str. DC3000	251701	1236	223283	Pseudomonas syringae group genomosp. 3	SINGLE	ILLUMINA	Illumina HiSeq 3000	SRR6003812	SRP117027	PRJNA401856	401856	SRS2490418	SAMN07604134	SRA605255	RNA-Seq	cDNA	TRANSCRIPTOMIC		GEO	0	0	4459425	7604134	GSE103441	GSM2771459	29531038	Pto-AvrRpt2			
SRX3159095	2018-02-27 16:49:09	223283	Pseudomonas syringae pv. tomato str. DC3000	251701	1236	223283	Pseudomonas syringae group genomosp. 3	SINGLE	ILLUMINA	Illumina HiSeq 3000	SRR6003813	SRP117027	PRJNA401856	401856	SRS2490419	SAMN07604133	SRA605255	RNA-Seq	cDNA	TRANSCRIPTOMIC		GEO	0	0	4459426	7604133	GSE103441	GSM2771460	29531038	Pto-AvrRpt2			
SRX3159096	2018-02-27 16:49:09	223283	Pseudomonas syringae pv. tomato str. DC3000	251701	1236	223283	Pseudomonas syringae group genomosp. 3	SINGLE	ILLUMINA	Illumina HiSeq 3000	SRR6003814	SRP117027	PRJNA401856	401856	SRS2490420	SAMN07604223	SRA605255	RNA-Seq	cDNA	TRANSCRIPTOMIC		GEO	0	0	4459427	7604223	GSE103441	GSM2771461	29531038	Pto			
SRX3159097	2018-02-27 16:49:09	223283	Pseudomonas syringae pv. tomato str. DC3000	251701	1236	223283	Pseudomonas syringae group genomosp. 3	SINGLE	ILLUMINA	Illumina HiSeq 3000	SRR6003815	SRP117027	PRJNA401856	401856	SRS2490421	SAMN07604222	SRA605255	RNA-Seq	cDNA	TRANSCRIPTOMIC		GEO	0	0	4459428	7604222	GSE103441	GSM2771462	29531038	Pto			
SRX3159098	2018-02-27 16:49:09	223283	Pseudomonas syringae pv. tomato str. DC3000	251701	1236	223283	Pseudomonas syringae group genomosp. 3	SINGLE	ILLUMINA	Illumina HiSeq 3000	SRR6003816	SRP117027	PRJNA401856	401856	SRS2490422	SAMN07604221	SRA605255	RNA-Seq	cDNA	TRANSCRIPTOMIC		GEO	0	0	4459429	7604221	GSE103441	GSM2771463	29531038	Pto-AvrRpt2			
SRX3159099	2018-02-27 16:49:09	223283	Pseudomonas syringae pv. tomato str. DC3000	251701	1236	223283	Pseudomonas syringae group genomosp. 3	SINGLE	ILLUMINA	Illumina HiSeq 3000	SRR6003817	SRP117027	PRJNA401856	401856	SRS2490423	SAMN07604220	SRA605255	RNA-Seq	cDNA	TRANSCRIPTOMIC		GEO	0	0	4459430	7604220	GSE103441	GSM2771464	29531038	Pto-AvrRpt2			
SRX3159100	2018-02-27 16:49:09	223283	Pseudomonas syringae pv. tomato str. DC3000	251701	1236	223283	Pseudomonas syringae group genomosp. 3	SINGLE	ILLUMINA	Illumina HiSeq 3000	SRR6003818	SRP117027	PRJNA401856	401856	SRS2490425	SAMN07604219	SRA605255	RNA-Seq	cDNA	TRANSCRIPTOMIC		GEO	0	0	4459431	7604219	GSE103441	GSM2771465	29531038	Pto			
SRX3159101	2018-02-27 16:49:09	223283	Pseudomonas syringae pv. tomato str. DC3000	251701	1236	223283	Pseudomonas syringae group genomosp. 3	SINGLE	ILLUMINA	Illumina HiSeq 3000	SRR6003819	SRP117027	PRJNA401856	401856	SRS2490424	SAMN07604218	SRA605255	RNA-Seq	cDNA	TRANSCRIPTOMIC		GEO	0	0	4459432	7604218	GSE103441	GSM2771466	29531038	Pto			
SRX3159102	2018-02-27 16:49:09	223283	Pseudomonas syringae pv. tomato str. DC3000	251701	1236	223283	Pseudomonas syringae group genomosp. 3	SINGLE	ILLUMINA	Illumina HiSeq 3000	SRR6003820	SRP117027	PRJNA401856	401856	SRS2490426	SAMN07604217	SRA605255	RNA-Seq	cDNA	TRANSCRIPTOMIC		GEO	0	0	4459433	7604217	GSE103441	GSM2771467	29531038	Pto			
SRX3159103	2018-02-27 16:49:09	223283	Pseudomonas syringae pv. tomato str. DC3000	251701	1236	223283	Pseudomonas syringae group genomosp. 3	SINGLE	ILLUMINA	Illumina HiSeq 3000	SRR6003821	SRP117027	PRJNA401856	401856	SRS2490427	SAMN07604216	SRA605255	RNA-Seq	cDNA	TRANSCRIPTOMIC		GEO	0	0	4459434	7604216	GSE103441	GSM2771468	29531038	Pto			
SRX3159104	2018-02-27 16:49:09	223283	Pseudomonas syringae pv. tomato str. DC3000	251701	1236	223283	Pseudomonas syringae group genomosp. 3	SINGLE	ILLUMINA	Illumina HiSeq 3000	SRR6003822	SRP117027	PRJNA401856	401856	SRS2490428	SAMN07604215	SRA605255	RNA-Seq	cDNA	TRANSCRIPTOMIC		GEO	0	0	4459435	7604215	GSE103441	GSM2771469	29531038	Pto			
SRX3159105	2018-02-27 16:49:09	223283	Pseudomonas syringae pv. tomato str. DC3000	251701	1236	223283	Pseudomonas syringae group genomosp. 3	SINGLE	ILLUMINA	Illumina HiSeq 3000	SRR6003823	SRP117027	PRJNA401856	401856	SRS2490429	SAMN07604209	SRA605255	RNA-Seq	cDNA	TRANSCRIPTOMIC		GEO	0	0	4459436	7604209	GSE103441	GSM2771470	29531038	Pto-AvrRpt2			
SRX3159106	2018-02-27 16:49:09	223283	Pseudomonas syringae pv. tomato str. DC3000	251701	1236	223283	Pseudomonas syringae group genomosp. 3	SINGLE	ILLUMINA	Illumina HiSeq 3000	SRR6003824	SRP117027	PRJNA401856	401856	SRS2490430	SAMN07604208	SRA605255	RNA-Seq	cDNA	TRANSCRIPTOMIC		GEO	0	0	4459437	7604208	GSE103441	GSM2771471	29531038	Pto-AvrRps4			
SRX3159107	2018-02-27 16:49:09	223283	Pseudomonas syringae pv. tomato str. DC3000	251701	1236	223283	Pseudomonas syringae group genomosp. 3	SINGLE	ILLUMINA	Illumina HiSeq 3000	SRR6003825	SRP117027	PRJNA401856	401856	SRS2490431	SAMN07604207	SRA605255	RNA-Seq	cDNA	TRANSCRIPTOMIC		GEO	0	0	4459438	7604207	GSE103441	GSM2771472	29531038	Pto-D36E			
SRX3159108	2018-02-27 16:49:09	223283	Pseudomonas syringae pv. tomato str. DC3000	251701	1236	223283	Pseudomonas syringae group genomosp. 3	SINGLE	ILLUMINA	Illumina HiSeq 3000	SRR6003826	SRP117027	PRJNA401856	401856	SRS2490432	SAMN07604214	SRA605255	RNA-Seq	cDNA	TRANSCRIPTOMIC		GEO	0	0	4459439	7604214	GSE103441	GSM2771473	29531038	Pto-AvrRpt2			
SRX3159109	2018-02-27 16:49:09	223283	Pseudomonas syringae pv. tomato str. DC3000	251701	1236	223283	Pseudomonas syringae group genomosp. 3	SINGLE	ILLUMINA	Illumina HiSeq 3000	SRR6003827	SRP117027	PRJNA401856	401856	SRS2490433	SAMN07604213	SRA605255	RNA-Seq	cDNA	TRANSCRIPTOMIC		GEO	0	0	4459440	7604213	GSE103441	GSM2771474	29531038	Pto-AvrRps4			
SRX3159110	2018-02-27 16:49:09	223283	Pseudomonas syringae pv. tomato str. DC3000	251701	1236	223283	Pseudomonas syringae group genomosp. 3	SINGLE	ILLUMINA	Illumina HiSeq 3000	SRR6003828	SRP117027	PRJNA401856	401856	SRS2490434	SAMN07604212	SRA605255	RNA-Seq	cDNA	TRANSCRIPTOMIC		GEO	0	0	4459441	7604212	GSE103441	GSM2771475	29531038	Pto-D36E			
SRX3159111	2018-02-27 16:49:09	223283	Pseudomonas syringae pv. tomato str. DC3000	251701	1236	223283	Pseudomonas syringae group genomosp. 3	SINGLE	ILLUMINA	Illumina HiSeq 3000	SRR6003829	SRP117027	PRJNA401856	401856	SRS2490435	SAMN07604211	SRA605255	RNA-Seq	cDNA	TRANSCRIPTOMIC		GEO	0	0	4459442	7604211	GSE103441	GSM2771476	29531038	Pto			
SRX3159112	2018-02-27 16:49:09	223283	Pseudomonas syringae pv. tomato str. DC3000	251701	1236	223283	Pseudomonas syringae group genomosp. 3	SINGLE	ILLUMINA	Illumina HiSeq 3000	SRR6003830	SRP117027	PRJNA401856	401856	SRS2490437	SAMN07604210	SRA605255	RNA-Seq	cDNA	TRANSCRIPTOMIC		GEO	0	0	4459443	7604210	GSE103441	GSM2771477	29531038	Pto-AvrRpt2			
SRX3159113	2018-02-27 16:49:09	223283	Pseudomonas syringae pv. tomato str. DC3000	251701	1236	223283	Pseudomonas syringae group genomosp. 3	SINGLE	ILLUMINA	Illumina HiSeq 3000	SRR6003831	SRP117027	PRJNA401856	401856	SRS2490436	SAMN07604206	SRA605255	RNA-Seq	cDNA	TRANSCRIPTOMIC		GEO	0	0	4459444	7604206	GSE103441	GSM2771478	29531038	Pto-D36E			
SRX3644656	2018-02-05 16:50:08	223283	Pseudomonas syringae pv. tomato str. DC3000	251701	1236	223283	Pseudomonas syringae group genomosp. 3	SINGLE	ILLUMINA	NextSeq 500	SRR6667888;SRR6667889;SRR6667890;SRR6667891	SRP132103	PRJNA432750	432750	SRS2909430	SAMN08457949	SRA655245	RNA-Seq	cDNA	TRANSCRIPTOMIC		GEO	0	0	5043382	8457949	GSE110100	GSM2977601		DC3000			
SRX3644657	2018-02-05 16:50:09	223283	Pseudomonas syringae pv. tomato str. DC3000	251701	1236	223283	Pseudomonas syringae group genomosp. 3	SINGLE	ILLUMINA	NextSeq 500	SRR6667892;SRR6667893;SRR6667894;SRR6667895	SRP132103	PRJNA432750	432750	SRS2909440	SAMN08457938	SRA655245	RNA-Seq	cDNA	TRANSCRIPTOMIC		GEO	0	0	5043383	8457938	GSE110100	GSM2977602		DC3000			
SRX3644658	2018-02-05 16:50:09	223283	Pseudomonas syringae pv. tomato str. DC3000	251701	1236	223283	Pseudomonas syringae group genomosp. 3	SINGLE	ILLUMINA	NextSeq 500	SRR6667896;SRR6667897;SRR6667898;SRR6667899	SRP132103	PRJNA432750	432750	SRS2909441	SAMN08457937	SRA655245	RNA-Seq	cDNA	TRANSCRIPTOMIC		GEO	0	0	5043384	8457937	GSE110100	GSM2977603		DC3000			
SRX3644659	2018-02-05 16:50:09	223283	Pseudomonas syringae pv. tomato str. DC3000	251701	1236	223283	Pseudomonas syringae group genomosp. 3	SINGLE	ILLUMINA	NextSeq 500	SRR6667900;SRR6667901;SRR6667902;SRR6667903	SRP132103	PRJNA432750	432750	SRS2909431	SAMN08457930	SRA655245	RNA-Seq	cDNA	TRANSCRIPTOMIC		GEO	0	0	5043385	8457930	GSE110100	GSM2977604		DC3000			
SRX3644660	2018-02-05 16:50:09	223283	Pseudomonas syringae pv. tomato str. DC3000	251701	1236	223283	Pseudomonas syringae group genomosp. 3	SINGLE	ILLUMINA	NextSeq 500	SRR6667904;SRR6667905;SRR6667906;SRR6667907	SRP132103	PRJNA432750	432750	SRS2909432	SAMN08457950	SRA655245	RNA-Seq	cDNA	TRANSCRIPTOMIC		GEO	0	0	5043386	8457950	GSE110100	GSM2977605		DC3000			
SRX3644661	2018-02-05 16:50:09	223283	Pseudomonas syringae pv. tomato str. DC3000	251701	1236	223283	Pseudomonas syringae group genomosp. 3	SINGLE	ILLUMINA	NextSeq 500	SRR6667908;SRR6667909;SRR6667910;SRR6667911	SRP132103	PRJNA432750	432750	SRS2909433	SAMN08457948	SRA655245	RNA-Seq	cDNA	TRANSCRIPTOMIC		GEO	0	0	5043387	8457948	GSE110100	GSM2977606		DC3000			
SRX3644662	2018-02-05 16:50:09	223283	Pseudomonas syringae pv. tomato str. DC3000	251701	1236	223283	Pseudomonas syringae group genomosp. 3	SINGLE	ILLUMINA	NextSeq 500	SRR6667912;SRR6667913;SRR6667914;SRR6667915	SRP132103	PRJNA432750	432750	SRS2909434	SAMN08457936	SRA655245	RNA-Seq	cDNA	TRANSCRIPTOMIC		GEO	0	0	5043388	8457936	GSE110100	GSM2977607		DC3000			
SRX3644663	2018-02-05 16:50:09	223283	Pseudomonas syringae pv. tomato str. DC3000	251701	1236	223283	Pseudomonas syringae group genomosp. 3	SINGLE	ILLUMINA	NextSeq 500	SRR6667916;SRR6667917;SRR6667918;SRR6667919	SRP132103	PRJNA432750	432750	SRS2909435	SAMN08457935	SRA655245	RNA-Seq	cDNA	TRANSCRIPTOMIC		GEO	0	0	5043389	8457935	GSE110100	GSM2977608		DC3000			
SRX3644664	2018-02-05 16:50:09	223283	Pseudomonas syringae pv. tomato str. DC3000	251701	1236	223283	Pseudomonas syringae group genomosp. 3	SINGLE	ILLUMINA	NextSeq 500	SRR6667920;SRR6667921;SRR6667922;SRR6667923	SRP132103	PRJNA432750	432750	SRS2909436	SAMN08457934	SRA655245	RNA-Seq	cDNA	TRANSCRIPTOMIC		GEO	0	0	5043390	8457934	GSE110100	GSM2977609		DC3000			
SRX3644665	2018-02-05 16:50:09	223283	Pseudomonas syringae pv. tomato str. DC3000	251701	1236	223283	Pseudomonas syringae group genomosp. 3	SINGLE	ILLUMINA	NextSeq 500	SRR6667924;SRR6667925;SRR6667926;SRR6667927	SRP132103	PRJNA432750	432750	SRS2909437	SAMN08457933	SRA655245	RNA-Seq	cDNA	TRANSCRIPTOMIC		GEO	0	0	5043391	8457933	GSE110100	GSM2977610		DC3000			
SRX3644666	2018-02-05 16:50:09	223283	Pseudomonas syringae pv. tomato str. DC3000	251701	1236	223283	Pseudomonas syringae group genomosp. 3	SINGLE	ILLUMINA	NextSeq 500	SRR6667928;SRR6667929;SRR6667930;SRR6667931	SRP132103	PRJNA432750	432750	SRS2909438	SAMN08457932	SRA655245	RNA-Seq	cDNA	TRANSCRIPTOMIC		GEO	0	0	5043392	8457932	GSE110100	GSM2977611		DC3000			
SRX3644667	2018-02-05 16:50:09	223283	Pseudomonas syringae pv. tomato str. DC3000	251701	1236	223283	Pseudomonas syringae group genomosp. 3	SINGLE	ILLUMINA	NextSeq 500	SRR6667932;SRR6667933;SRR6667934;SRR6667935	SRP132103	PRJNA432750	432750	SRS2909439	SAMN08457931	SRA655245	RNA-Seq	cDNA	TRANSCRIPTOMIC		GEO	0	0	5043393	8457931	GSE110100	GSM2977612		DC3000			
SRX3644668	2018-02-05 16:50:09	223283	Pseudomonas syringae pv. tomato str. DC3000	251701	1236	223283	Pseudomonas syringae group genomosp. 3	SINGLE	ILLUMINA	NextSeq 500	SRR6667936;SRR6667937;SRR6667938;SRR6667939	SRP132103	PRJNA432750	432750	SRS2909445	SAMN08457940	SRA655245	RNA-Seq	cDNA	TRANSCRIPTOMIC		GEO	0	0	5043394	8457940	GSE110100	GSM2977613		DC3000			
SRX3644669	2018-02-05 16:50:09	223283	Pseudomonas syringae pv. tomato str. DC3000	251701	1236	223283	Pseudomonas syringae group genomosp. 3	SINGLE	ILLUMINA	NextSeq 500	SRR6667940;SRR6667941;SRR6667942;SRR6667943	SRP132103	PRJNA432750	432750	SRS2909456	SAMN08457947	SRA655245	RNA-Seq	cDNA	TRANSCRIPTOMIC		GEO	0	0	5043395	8457947	GSE110100	GSM2977614		DC3000			
SRX3644670	2018-02-05 16:50:09	223283	Pseudomonas syringae pv. tomato str. DC3000	251701	1236	223283	Pseudomonas syringae group genomosp. 3	SINGLE	ILLUMINA	NextSeq 500	SRR6667944;SRR6667945;SRR6667946;SRR6667947	SRP132103	PRJNA432750	432750	SRS2909442	SAMN08457946	SRA655245	RNA-Seq	cDNA	TRANSCRIPTOMIC		GEO	0	0	5043396	8457946	GSE110100	GSM2977615		DC3000			
SRX3644671	2018-02-05 16:50:09	223283	Pseudomonas syringae pv. tomato str. DC3000	251701	1236	223283	Pseudomonas syringae group genomosp. 3	SINGLE	ILLUMINA	NextSeq 500	SRR6667948;SRR6667949;SRR6667950;SRR6667951	SRP132103	PRJNA432750	432750	SRS2909443	SAMN08457939	SRA655245	RNA-Seq	cDNA	TRANSCRIPTOMIC		GEO	0	0	5043397	8457939	GSE110100	GSM2977616		DC3000			
SRX3644672	2018-02-05 16:50:09	223283	Pseudomonas syringae pv. tomato str. DC3000	251701	1236	223283	Pseudomonas syringae group genomosp. 3	SINGLE	ILLUMINA	NextSeq 500	SRR6667952;SRR6667953;SRR6667954;SRR6667955	SRP132103	PRJNA432750	432750	SRS2909444	SAMN08457944	SRA655245	RNA-Seq	cDNA	TRANSCRIPTOMIC		GEO	0	0	5043398	8457944	GSE110100	GSM2977617		DC3000			
SRX3644673	2018-02-05 16:50:09	223283	Pseudomonas syringae pv. tomato str. DC3000	251701	1236	223283	Pseudomonas syringae group genomosp. 3	SINGLE	ILLUMINA	NextSeq 500	SRR6667956;SRR6667957;SRR6667958;SRR6667959	SRP132103	PRJNA432750	432750	SRS2909454	SAMN08457943	SRA655245	RNA-Seq	cDNA	TRANSCRIPTOMIC		GEO	0	0	5043399	8457943	GSE110100	GSM2977618		DC3000			
SRX3644674	2018-02-05 16:50:09	223283	Pseudomonas syringae pv. tomato str. DC3000	251701	1236	223283	Pseudomonas syringae group genomosp. 3	SINGLE	ILLUMINA	NextSeq 500	SRR6667960;SRR6667961;SRR6667962;SRR6667963	SRP132103	PRJNA432750	432750	SRS2909446	SAMN08457942	SRA655245	RNA-Seq	cDNA	TRANSCRIPTOMIC		GEO	0	0	5043400	8457942	GSE110100	GSM2977619		DC3000			
SRX3644675	2018-02-05 16:50:09	223283	Pseudomonas syringae pv. tomato str. DC3000	251701	1236	223283	Pseudomonas syringae group genomosp. 3	SINGLE	ILLUMINA	NextSeq 500	SRR6667964;SRR6667965;SRR6667966;SRR6667967	SRP132103	PRJNA432750	432750	SRS2909447	SAMN08457941	SRA655245	RNA-Seq	cDNA	TRANSCRIPTOMIC		GEO	0	0	5043401	8457941	GSE110100	GSM2977620		DC3000			
SRX3644676	2018-02-05 16:50:09	223283	Pseudomonas syringae pv. tomato str. DC3000	251701	1236	223283	Pseudomonas syringae group genomosp. 3	SINGLE	ILLUMINA	NextSeq 500	SRR6667968;SRR6667969;SRR6667970;SRR6667971	SRP132103	PRJNA432750	432750	SRS2909448	SAMN08457945	SRA655245	RNA-Seq	cDNA	TRANSCRIPTOMIC		GEO	0	0	5043402	8457945	GSE110100	GSM2977621		DC3000			
SRX3983989	2018-04-22 00:43:12	223283	Pseudomonas syringae pv. tomato str. DC3000	251701	1236	223283	Pseudomonas syringae group genomosp. 3	PAIRED	ILLUMINA	Illumina HiSeq 2500	SRR7053049	SRP141743	PRJNA439629	439629	SRS3208811	SAMN08769774	SRA694203	RNA-Seq	other	TRANSCRIPTOMIC		JGI	0	0	5451772	8769774				DC3000			
SRX3983990	2018-04-22 00:43:12	223283	Pseudomonas syringae pv. tomato str. DC3000	251701	1236	223283	Pseudomonas syringae group genomosp. 3	PAIRED	ILLUMINA	Illumina HiSeq 2500	SRR7053048	SRP141745	PRJNA439612	439612	SRS3208813	SAMN08769697	SRA694203	RNA-Seq	other	TRANSCRIPTOMIC		JGI	0	0	5451773	8769697				DC3000			
SRX3983991	2018-04-22 00:43:12	223283	Pseudomonas syringae pv. tomato str. DC3000	251701	1236	223283	Pseudomonas syringae group genomosp. 3	PAIRED	ILLUMINA	Illumina HiSeq 2500	SRR7053047	SRP141744	PRJNA439668	439668	SRS3208812	SAMN08769747	SRA694203	RNA-Seq	other	TRANSCRIPTOMIC		JGI	0	0	5451774	8769747				DC3000			
SRX3983992	2018-04-22 00:43:12	223283	Pseudomonas syringae pv. tomato str. DC3000	251701	1236	223283	Pseudomonas syringae group genomosp. 3	PAIRED	ILLUMINA	Illumina HiSeq 2500	SRR7053046	SRP141747	PRJNA439633	439633	SRS3208815	SAMN08769771	SRA694203	RNA-Seq	other	TRANSCRIPTOMIC		JGI	0	0	5451775	8769771				DC3000			
SRX3983993	2018-04-22 00:44:17	223283	Pseudomonas syringae pv. tomato str. DC3000	251701	1236	223283	Pseudomonas syringae group genomosp. 3	PAIRED	ILLUMINA	Illumina HiSeq 2500	SRR7053045	SRP141746	PRJNA439596	439596	SRS3208814	SAMN08769730	SRA694203	RNA-Seq	other	TRANSCRIPTOMIC		JGI	0	0	5451776	8769730				DC3000			
SRX3983994	2018-04-22 00:41:13	223283	Pseudomonas syringae pv. tomato str. DC3000	251701	1236	223283	Pseudomonas syringae group genomosp. 3	PAIRED	ILLUMINA	Illumina HiSeq 2500	SRR7053044	SRP141815	PRJNA439592	439592	SRS3208885	SAMN08769622	SRA694203	RNA-Seq	other	TRANSCRIPTOMIC		JGI	0	0	5451777	8769622				DC3000			
SRX3983995	2018-04-22 00:44:17	223283	Pseudomonas syringae pv. tomato str. DC3000	251701	1236	223283	Pseudomonas syringae group genomosp. 3	PAIRED	ILLUMINA	Illumina HiSeq 2500	SRR7053043	SRP141749	PRJNA439667	439667	SRS3208818	SAMN08769632	SRA694203	RNA-Seq	other	TRANSCRIPTOMIC		JGI	0	0	5451778	8769632				DC3000			
SRX3983996	2018-04-22 00:44:17	223283	Pseudomonas syringae pv. tomato str. DC3000	251701	1236	223283	Pseudomonas syringae group genomosp. 3	PAIRED	ILLUMINA	Illumina HiSeq 2500	SRR7053042	SRP141751	PRJNA439589	439589	SRS3208820	SAMN08769634	SRA694203	RNA-Seq	other	TRANSCRIPTOMIC		JGI	0	0	5451779	8769634				DC3000			
SRX3983997	2018-04-22 00:43:12	223283	Pseudomonas syringae pv. tomato str. DC3000	251701	1236	223283	Pseudomonas syringae group genomosp. 3	PAIRED	ILLUMINA	Illumina HiSeq 2500	SRR7053041	SRP141748	PRJNA439600	439600	SRS3208817	SAMN08769727	SRA694203	RNA-Seq	other	TRANSCRIPTOMIC		JGI	0	0	5451780	8769727				DC3000			
SRX3983998	2018-04-22 00:44:17	223283	Pseudomonas syringae pv. tomato str. DC3000	251701	1236	223283	Pseudomonas syringae group genomosp. 3	PAIRED	ILLUMINA	Illumina HiSeq 2500	SRR7053040	SRP141750	PRJNA439663	439663	SRS3208819	SAMN08769713	SRA694203	RNA-Seq	other	TRANSCRIPTOMIC		JGI	0	0	5451781	8769713				DC3000			
SRX3983999	2018-04-22 00:44:18	223283	Pseudomonas syringae pv. tomato str. DC3000	251701	1236	223283	Pseudomonas syringae group genomosp. 3	PAIRED	ILLUMINA	Illumina HiSeq 2500	SRR7053039	SRP141752	PRJNA439620	439620	SRS3208821	SAMN08769756	SRA694203	RNA-Seq	other	TRANSCRIPTOMIC		JGI	0	0	5451782	8769756				DC3000			
SRX3984000	2018-04-22 00:44:18	223283	Pseudomonas syringae pv. tomato str. DC3000	251701	1236	223283	Pseudomonas syringae group genomosp. 3	PAIRED	ILLUMINA	Illumina HiSeq 2500	SRR7053038	SRP141753	PRJNA439624	439624	SRS3208822	SAMN08769755	SRA694203	RNA-Seq	other	TRANSCRIPTOMIC		JGI	0	0	5451783	8769755				DC3000			
SRX3984001	2018-04-22 00:44:18	223283	Pseudomonas syringae pv. tomato str. DC3000	251701	1236	223283	Pseudomonas syringae group genomosp. 3	PAIRED	ILLUMINA	Illumina HiSeq 2500	SRR7053037	SRP141754	PRJNA439604	439604	SRS3208823	SAMN08769635	SRA694203	RNA-Seq	other	TRANSCRIPTOMIC		JGI	0	0	5451784	8769635				DC3000			
SRX3984002	2018-04-22 00:43:12	223283	Pseudomonas syringae pv. tomato str. DC3000	251701	1236	223283	Pseudomonas syringae group genomosp. 3	PAIRED	ILLUMINA	Illumina HiSeq 2500	SRR7053036	SRP141755	PRJNA439608	439608	SRS3208824	SAMN08769757	SRA694203	RNA-Seq	other	TRANSCRIPTOMIC		JGI	0	0	5451785	8769757				DC3000			
SRX3984003	2018-04-22 00:43:12	223283	Pseudomonas syringae pv. tomato str. DC3000	251701	1236	223283	Pseudomonas syringae group genomosp. 3	PAIRED	ILLUMINA	Illumina HiSeq 2500	SRR7053035	SRP141756	PRJNA439651	439651	SRS3208825	SAMN08769706	SRA694203	RNA-Seq	other	TRANSCRIPTOMIC		JGI	0	0	5451786	8769706				DC3000			
SRX3984004	2018-04-22 00:44:18	223283	Pseudomonas syringae pv. tomato str. DC3000	251701	1236	223283	Pseudomonas syringae group genomosp. 3	PAIRED	ILLUMINA	Illumina HiSeq 2500	SRR7053034	SRP141757	PRJNA439671	439671	SRS3208826	SAMN08769745	SRA694203	RNA-Seq	other	TRANSCRIPTOMIC		JGI	0	0	5451787	8769745				DC3000			
SRX3984005	2018-04-22 00:40:23	223283	Pseudomonas syringae pv. tomato str. DC3000	251701	1236	223283	Pseudomonas syringae group genomosp. 3	PAIRED	ILLUMINA	Illumina HiSeq 2500	SRR7053033	SRP141758	PRJNA439628	439628	SRS3208827	SAMN08769629	SRA694203	RNA-Seq	other	TRANSCRIPTOMIC		JGI	0	0	5451788	8769629				DC3000			
SRX3984006	2018-04-22 00:43:12	223283	Pseudomonas syringae pv. tomato str. DC3000	251701	1236	223283	Pseudomonas syringae group genomosp. 3	PAIRED	ILLUMINA	Illumina HiSeq 2500	SRR7053032	SRP141759	PRJNA439655	439655	SRS3208828	SAMN08769707	SRA694203	RNA-Seq	other	TRANSCRIPTOMIC		JGI	0	0	5451789	8769707				DC3000			
SRX3984007	2018-04-22 00:43:12	223283	Pseudomonas syringae pv. tomato str. DC3000	251701	1236	223283	Pseudomonas syringae group genomosp. 3	PAIRED	ILLUMINA	Illumina HiSeq 2500	SRR7053031	SRP141760	PRJNA439593	439593	SRS3208829	SAMN08769732	SRA694203	RNA-Seq	other	TRANSCRIPTOMIC		JGI	0	0	5451790	8769732				DC3000			
SRX3984008	2018-04-22 00:44:18	223283	Pseudomonas syringae pv. tomato str. DC3000	251701	1236	223283	Pseudomonas syringae group genomosp. 3	PAIRED	ILLUMINA	Illumina HiSeq 2500	SRR7053030	SRP141762	PRJNA439616	439616	SRS3208831	SAMN08769720	SRA694203	RNA-Seq	other	TRANSCRIPTOMIC		JGI	0	0	5451791	8769720				DC3000			
SRX3984009	2018-04-22 00:43:12	223283	Pseudomonas syringae pv. tomato str. DC3000	251701	1236	223283	Pseudomonas syringae group genomosp. 3	PAIRED	ILLUMINA	Illumina HiSeq 2500	SRR7053029	SRP141761	PRJNA439678	439678	SRS3208830	SAMN08769739	SRA694203	RNA-Seq	other	TRANSCRIPTOMIC		JGI	0	0	5451792	8769739				DC3000			
SRX3984010	2018-04-22 00:43:12	223283	Pseudomonas syringae pv. tomato str. DC3000	251701	1236	223283	Pseudomonas syringae group genomosp. 3	PAIRED	ILLUMINA	Illumina HiSeq 2500	SRR7053028	SRP141764	PRJNA439652	439652	SRS3208833	SAMN08769753	SRA694203	RNA-Seq	other	TRANSCRIPTOMIC		JGI	0	0	5451793	8769753				DC3000			
SRX3984011	2018-04-22 00:43:12	223283	Pseudomonas syringae pv. tomato str. DC3000	251701	1236	223283	Pseudomonas syringae group genomosp. 3	PAIRED	ILLUMINA	Illumina HiSeq 2500	SRR7053027	SRP141763	PRJNA439666	439666	SRS3208832	SAMN08769748	SRA694203	RNA-Seq	other	TRANSCRIPTOMIC		JGI	0	0	5451794	8769748				DC3000			
SRX3984012	2018-04-22 00:43:12	223283	Pseudomonas syringae pv. tomato str. DC3000	251701	1236	223283	Pseudomonas syringae group genomosp. 3	PAIRED	ILLUMINA	Illumina HiSeq 2500	SRR7053026	SRP141765	PRJNA439674	439674	SRS3208834	SAMN08769742	SRA694203	RNA-Seq	other	TRANSCRIPTOMIC		JGI	0	0	5451795	8769742				DC3000			
SRX3984013	2018-04-22 00:46:21	223283	Pseudomonas syringae pv. tomato str. DC3000	251701	1236	223283	Pseudomonas syringae group genomosp. 3	PAIRED	ILLUMINA	Illumina HiSeq 2500	SRR7053025	SRP141766	PRJNA439670	439670	SRS3208835	SAMN08769709	SRA694203	RNA-Seq	other	TRANSCRIPTOMIC		JGI	0	0	5451796	8769709				DC3000			
SRX3984014	2018-04-22 00:44:18	223283	Pseudomonas syringae pv. tomato str. DC3000	251701	1236	223283	Pseudomonas syringae group genomosp. 3	PAIRED	ILLUMINA	Illumina HiSeq 2500	SRR7053024	SRP141767	PRJNA439683	439683	SRS3208836	SAMN08769711	SRA694203	RNA-Seq	other	TRANSCRIPTOMIC		JGI	0	0	5451797	8769711				DC3000			
SRX3984015	2018-04-22 00:44:18	223283	Pseudomonas syringae pv. tomato str. DC3000	251701	1236	223283	Pseudomonas syringae group genomosp. 3	PAIRED	ILLUMINA	Illumina HiSeq 2500	SRR7053023	SRP141768	PRJNA439647	439647	SRS3208837	SAMN08769704	SRA694203	RNA-Seq	other	TRANSCRIPTOMIC		JGI	0	0	5451798	8769704				DC3000			
SRX3984016	2018-04-22 00:41:13	223283	Pseudomonas syringae pv. tomato str. DC3000	251701	1236	223283	Pseudomonas syringae group genomosp. 3	PAIRED	ILLUMINA	Illumina HiSeq 2500	SRR7053022	SRP141769	PRJNA439675	439675	SRS3208838	SAMN08769741	SRA694203	RNA-Seq	other	TRANSCRIPTOMIC		JGI	0	0	5451799	8769741				DC3000			
SRX3984017	2018-04-22 00:43:12	223283	Pseudomonas syringae pv. tomato str. DC3000	251701	1236	223283	Pseudomonas syringae group genomosp. 3	PAIRED	ILLUMINA	Illumina HiSeq 2500	SRR7053021	SRP141770	PRJNA439648	439648	SRS3208839	SAMN08769717	SRA694203	RNA-Seq	other	TRANSCRIPTOMIC		JGI	0	0	5451800	8769717				DC3000			
SRX3984018	2018-04-22 00:39:11	223283	Pseudomonas syringae pv. tomato str. DC3000	251701	1236	223283	Pseudomonas syringae group genomosp. 3	PAIRED	ILLUMINA	Illumina HiSeq 2500	SRR7053020	SRP141771	PRJNA439640	439640	SRS3208840	SAMN08769701	SRA694203	RNA-Seq	other	TRANSCRIPTOMIC		JGI	0	0	5451801	8769701				DC3000			
SRX3984019	2018-04-22 00:40:23	223283	Pseudomonas syringae pv. tomato str. DC3000	251701	1236	223283	Pseudomonas syringae group genomosp. 3	PAIRED	ILLUMINA	Illumina HiSeq 2500	SRR7053019	SRP141772	PRJNA439613	439613	SRS3208841	SAMN08769722	SRA694203	RNA-Seq	other	TRANSCRIPTOMIC		JGI	0	0	5451802	8769722				DC3000			
SRX3984020	2018-04-22 00:43:12	223283	Pseudomonas syringae pv. tomato str. DC3000	251701	1236	223283	Pseudomonas syringae group genomosp. 3	PAIRED	ILLUMINA	Illumina HiSeq 2500	SRR7053018	SRP141837	PRJNA439656	439656	SRS3208907	SAMN08769750	SRA694203	RNA-Seq	other	TRANSCRIPTOMIC		JGI	0	0	5451803	8769750				DC3000			
SRX3984021	2018-04-22 00:43:12	223283	Pseudomonas syringae pv. tomato str. DC3000	251701	1236	223283	Pseudomonas syringae group genomosp. 3	PAIRED	ILLUMINA	Illumina HiSeq 2500	SRR7053017	SRP141773	PRJNA439641	439641	SRS3208842	SAMN08769766	SRA694203	RNA-Seq	other	TRANSCRIPTOMIC		JGI	0	0	5451804	8769766				DC3000			
SRX3984022	2018-04-22 00:44:18	223283	Pseudomonas syringae pv. tomato str. DC3000	251701	1236	223283	Pseudomonas syringae group genomosp. 3	PAIRED	ILLUMINA	Illumina HiSeq 2500	SRR7053016	SRP141774	PRJNA439644	439644	SRS3208843	SAMN08769764	SRA694203	RNA-Seq	other	TRANSCRIPTOMIC		JGI	0	0	5451805	8769764				DC3000			
SRX3984023	2018-04-22 00:43:12	223283	Pseudomonas syringae pv. tomato str. DC3000	251701	1236	223283	Pseudomonas syringae group genomosp. 3	PAIRED	ILLUMINA	Illumina HiSeq 2500	SRR7053015	SRP141775	PRJNA439660	439660	SRS3208844	SAMN08769762	SRA694203	RNA-Seq	other	TRANSCRIPTOMIC		JGI	0	0	5451806	8769762				DC3000			
SRX3984024	2018-04-22 00:46:21	223283	Pseudomonas syringae pv. tomato str. DC3000	251701	1236	223283	Pseudomonas syringae group genomosp. 3	PAIRED	ILLUMINA	Illumina HiSeq 2500	SRR7053014	SRP141776	PRJNA439662	439662	SRS3208845	SAMN08769714	SRA694203	RNA-Seq	other	TRANSCRIPTOMIC		JGI	0	0	5451807	8769714				DC3000			
SRX3984025	2018-04-22 00:43:12	223283	Pseudomonas syringae pv. tomato str. DC3000	251701	1236	223283	Pseudomonas syringae group genomosp. 3	PAIRED	ILLUMINA	Illumina HiSeq 2500	SRR7053013	SRP141777	PRJNA439631	439631	SRS3208846	SAMN08769773	SRA694203	RNA-Seq	other	TRANSCRIPTOMIC		JGI	0	0	5451808	8769773				DC3000			
SRX3984026	2018-04-22 00:44:18	223283	Pseudomonas syringae pv. tomato str. DC3000	251701	1236	223283	Pseudomonas syringae group genomosp. 3	PAIRED	ILLUMINA	Illumina HiSeq 2500	SRR7053012	SRP141778	PRJNA439627	439627	SRS3208847	SAMN08769775	SRA694203	RNA-Seq	other	TRANSCRIPTOMIC		JGI	0	0	5451809	8769775				DC3000			
SRX3984027	2018-04-22 00:43:12	223283	Pseudomonas syringae pv. tomato str. DC3000	251701	1236	223283	Pseudomonas syringae group genomosp. 3	PAIRED	ILLUMINA	Illumina HiSeq 2500	SRR7053011	SRP141779	PRJNA439619	439619	SRS3208848	SAMN08769718	SRA694203	RNA-Seq	other	TRANSCRIPTOMIC		JGI	0	0	5451810	8769718				DC3000			
SRX3984028	2018-04-22 00:43:12	223283	Pseudomonas syringae pv. tomato str. DC3000	251701	1236	223283	Pseudomonas syringae group genomosp. 3	PAIRED	ILLUMINA	Illumina HiSeq 2500	SRR7053010	SRP141782	PRJNA439615	439615	SRS3208851	SAMN08769698	SRA694203	RNA-Seq	other	TRANSCRIPTOMIC		JGI	0	0	5451811	8769698				DC3000			
SRX3984029	2018-04-22 00:43:12	223283	Pseudomonas syringae pv. tomato str. DC3000	251701	1236	223283	Pseudomonas syringae group genomosp. 3	PAIRED	ILLUMINA	Illumina HiSeq 2500	SRR7053009	SRP141780	PRJNA439632	439632	SRS3208849	SAMN08769772	SRA694203	RNA-Seq	other	TRANSCRIPTOMIC		JGI	0	0	5451812	8769772				DC3000			
SRX3984030	2018-04-22 00:44:18	223283	Pseudomonas syringae pv. tomato str. DC3000	251701	1236	223283	Pseudomonas syringae group genomosp. 3	PAIRED	ILLUMINA	Illumina HiSeq 2500	SRR7053008	SRP141781	PRJNA439590	439590	SRS3208850	SAMN08769734	SRA694203	RNA-Seq	other	TRANSCRIPTOMIC		JGI	0	0	5451813	8769734				DC3000			
SRX3984031	2018-04-22 00:44:18	223283	Pseudomonas syringae pv. tomato str. DC3000	251701	1236	223283	Pseudomonas syringae group genomosp. 3	PAIRED	ILLUMINA	Illumina HiSeq 2500	SRR7053007	SRP141784	PRJNA439685	439685	SRS3208854	SAMN08769737	SRA694203	RNA-Seq	other	TRANSCRIPTOMIC		JGI	0	0	5451814	8769737				DC3000			
SRX3984032	2018-04-22 00:41:13	223283	Pseudomonas syringae pv. tomato str. DC3000	251701	1236	223283	Pseudomonas syringae group genomosp. 3	PAIRED	ILLUMINA	Illumina HiSeq 2500	SRR7053006	SRP141783	PRJNA439653	439653	SRS3208853	SAMN08769752	SRA694203	RNA-Seq	other	TRANSCRIPTOMIC		JGI	0	0	5451815	8769752				DC3000			
SRX3984033	2018-04-22 00:43:12	223283	Pseudomonas syringae pv. tomato str. DC3000	251701	1236	223283	Pseudomonas syringae group genomosp. 3	PAIRED	ILLUMINA	Illumina HiSeq 2500	SRR7053005	SRP141785	PRJNA439649	439649	SRS3208855	SAMN08769716	SRA694203	RNA-Seq	other	TRANSCRIPTOMIC		JGI	0	0	5451816	8769716				DC3000			
SRX3984034	2018-04-22 00:43:12	223283	Pseudomonas syringae pv. tomato str. DC3000	251701	1236	223283	Pseudomonas syringae group genomosp. 3	PAIRED	ILLUMINA	Illumina HiSeq 2500	SRR7053004	SRP141787	PRJNA439658	439658	SRS3208857	SAMN08769715	SRA694203	RNA-Seq	other	TRANSCRIPTOMIC		JGI	0	0	5451817	8769715				DC3000			
SRX3984035	2018-04-22 00:36:21	223283	Pseudomonas syringae pv. tomato str. DC3000	251701	1236	223283	Pseudomonas syringae group genomosp. 3	PAIRED	ILLUMINA	Illumina HiSeq 2500	SRR7053003	SRP141838	PRJNA439636	439636	SRS3208908	SAMN08769769	SRA694203	RNA-Seq	other	TRANSCRIPTOMIC		JGI	0	0	5451818	8769769				DC3000			
SRX3984036	2018-04-22 00:40:23	223283	Pseudomonas syringae pv. tomato str. DC3000	251701	1236	223283	Pseudomonas syringae group genomosp. 3	PAIRED	ILLUMINA	Illumina HiSeq 2500	SRR7053002	SRP141788	PRJNA439599	439599	SRS3208858	SAMN08769728	SRA694203	RNA-Seq	other	TRANSCRIPTOMIC		JGI	0	0	5451819	8769728				DC3000			
SRX3984037	2018-04-22 00:40:23	223283	Pseudomonas syringae pv. tomato str. DC3000	251701	1236	223283	Pseudomonas syringae group genomosp. 3	PAIRED	ILLUMINA	Illumina HiSeq 2500	SRR7053001	SRP141786	PRJNA439591	439591	SRS3208856	SAMN08769733	SRA694203	RNA-Seq	other	TRANSCRIPTOMIC		JGI	0	0	5451820	8769733				DC3000			
SRX3984038	2018-04-22 00:44:18	223283	Pseudomonas syringae pv. tomato str. DC3000	251701	1236	223283	Pseudomonas syringae group genomosp. 3	PAIRED	ILLUMINA	Illumina HiSeq 2500	SRR7053000	SRP141789	PRJNA439607	439607	SRS3208859	SAMN08769758	SRA694203	RNA-Seq	other	TRANSCRIPTOMIC		JGI	0	0	5451821	8769758				DC3000			
SRX3984039	2018-04-22 00:43:12	223283	Pseudomonas syringae pv. tomato str. DC3000	251701	1236	223283	Pseudomonas syringae group genomosp. 3	PAIRED	ILLUMINA	Illumina HiSeq 2500	SRR7052999	SRP141792	PRJNA439595	439595	SRS3208862	SAMN08769623	SRA694203	RNA-Seq	other	TRANSCRIPTOMIC		JGI	0	0	5451822	8769623				DC3000			
SRX3984040	2018-04-22 00:38:19	223283	Pseudomonas syringae pv. tomato str. DC3000	251701	1236	223283	Pseudomonas syringae group genomosp. 3	PAIRED	ILLUMINA	Illumina HiSeq 2500	SRR7052998	SRP141790	PRJNA439623	439623	SRS3208860	SAMN08769760	SRA694203	RNA-Seq	other	TRANSCRIPTOMIC		JGI	0	0	5451823	8769760				DC3000			
SRX3984041	2018-04-22 00:40:23	223283	Pseudomonas syringae pv. tomato str. DC3000	251701	1236	223283	Pseudomonas syringae group genomosp. 3	PAIRED	ILLUMINA	Illumina HiSeq 2500	SRR7052997	SRP141793	PRJNA439603	439603	SRS3208863	SAMN08769725	SRA694203	RNA-Seq	other	TRANSCRIPTOMIC		JGI	0	0	5451824	8769725				DC3000			
SRX3984042	2018-04-22 00:39:11	223283	Pseudomonas syringae pv. tomato str. DC3000	251701	1236	223283	Pseudomonas syringae group genomosp. 3	PAIRED	ILLUMINA	Illumina HiSeq 2500	SRR7052996	SRP141791	PRJNA439588	439588	SRS3208861	SAMN08769735	SRA694203	RNA-Seq	other	TRANSCRIPTOMIC		JGI	0	0	5451825	8769735				DC3000			
SRX3984043	2018-04-22 00:36:21	223283	Pseudomonas syringae pv. tomato str. DC3000	251701	1236	223283	Pseudomonas syringae group genomosp. 3	PAIRED	ILLUMINA	Illumina HiSeq 2500	SRR7052995	SRP141795	PRJNA439637	439637	SRS3208865	SAMN08769768	SRA694203	RNA-Seq	other	TRANSCRIPTOMIC		JGI	0	0	5451826	8769768				DC3000			
SRX3984044	2018-04-22 00:36:21	223283	Pseudomonas syringae pv. tomato str. DC3000	251701	1236	223283	Pseudomonas syringae group genomosp. 3	PAIRED	ILLUMINA	Illumina HiSeq 2500	SRR7052994	SRP141794	PRJNA439665	439665	SRS3208864	SAMN08769749	SRA694203	RNA-Seq	other	TRANSCRIPTOMIC		JGI	0	0	5451827	8769749				DC3000			
SRX3984045	2018-04-22 00:44:18	223283	Pseudomonas syringae pv. tomato str. DC3000	251701	1236	223283	Pseudomonas syringae group genomosp. 3	PAIRED	ILLUMINA	Illumina HiSeq 2500	SRR7052993	SRP141796	PRJNA439669	439669	SRS3208866	SAMN08769746	SRA694203	RNA-Seq	other	TRANSCRIPTOMIC		JGI	0	0	5451828	8769746				DC3000			
SRX3984046	2018-04-22 00:36:21	223283	Pseudomonas syringae pv. tomato str. DC3000	251701	1236	223283	Pseudomonas syringae group genomosp. 3	PAIRED	ILLUMINA	Illumina HiSeq 2500	SRR7052992	SRP141797	PRJNA439659	439659	SRS3208867	SAMN08769763	SRA694203	RNA-Seq	other	TRANSCRIPTOMIC		JGI	0	0	5451829	8769763				DC3000			
SRX3984047	2018-04-22 00:43:13	223283	Pseudomonas syringae pv. tomato str. DC3000	251701	1236	223283	Pseudomonas syringae group genomosp. 3	PAIRED	ILLUMINA	Illumina HiSeq 2500	SRR7052991	SRP141798	PRJNA439654	439654	SRS3208868	SAMN08769751	SRA694203	RNA-Seq	other	TRANSCRIPTOMIC		JGI	0	0	5451830	8769751				DC3000			
SRX3984048	2018-04-22 00:43:13	223283	Pseudomonas syringae pv. tomato str. DC3000	251701	1236	223283	Pseudomonas syringae group genomosp. 3	PAIRED	ILLUMINA	Illumina HiSeq 2500	SRR7052990	SRP141800	PRJNA439646	439646	SRS3208870	SAMN08769754	SRA694203	RNA-Seq	other	TRANSCRIPTOMIC		JGI	0	0	5451831	8769754				DC3000			
SRX3984049	2018-04-22 00:43:13	223283	Pseudomonas syringae pv. tomato str. DC3000	251701	1236	223283	Pseudomonas syringae group genomosp. 3	PAIRED	ILLUMINA	Illumina HiSeq 2500	SRR7052989	SRP141799	PRJNA439642	439642	SRS3208869	SAMN08769765	SRA694203	RNA-Seq	other	TRANSCRIPTOMIC		JGI	0	0	5451832	8769765				DC3000			
SRX3984050	2018-04-22 00:44:18	223283	Pseudomonas syringae pv. tomato str. DC3000	251701	1236	223283	Pseudomonas syringae group genomosp. 3	PAIRED	ILLUMINA	Illumina HiSeq 2500	SRR7052988	SRP141801	PRJNA439643	439643	SRS3208871	SAMN08769702	SRA694203	RNA-Seq	other	TRANSCRIPTOMIC		JGI	0	0	5451833	8769702				DC3000			
SRX3984051	2018-04-22 00:38:19	223283	Pseudomonas syringae pv. tomato str. DC3000	251701	1236	223283	Pseudomonas syringae group genomosp. 3	PAIRED	ILLUMINA	Illumina HiSeq 2500	SRR7052987	SRP141802	PRJNA439650	439650	SRS3208872	SAMN08769705	SRA694203	RNA-Seq	other	TRANSCRIPTOMIC		JGI	0	0	5451834	8769705				DC3000			
SRX3984052	2018-04-22 00:43:13	223283	Pseudomonas syringae pv. tomato str. DC3000	251701	1236	223283	Pseudomonas syringae group genomosp. 3	PAIRED	ILLUMINA	Illumina HiSeq 2500	SRR7052986	SRP141803	PRJNA439626	439626	SRS3208873	SAMN08769776	SRA694203	RNA-Seq	other	TRANSCRIPTOMIC		JGI	0	0	5451835	8769776				DC3000			
SRX3984053	2018-04-22 00:38:19	223283	Pseudomonas syringae pv. tomato str. DC3000	251701	1236	223283	Pseudomonas syringae group genomosp. 3	PAIRED	ILLUMINA	Illumina HiSeq 2500	SRR7052985	SRP141804	PRJNA439630	439630	SRS3208874	SAMN08769630	SRA694203	RNA-Seq	other	TRANSCRIPTOMIC		JGI	0	0	5451836	8769630				DC3000			
SRX3984054	2018-04-22 00:38:19	223283	Pseudomonas syringae pv. tomato str. DC3000	251701	1236	223283	Pseudomonas syringae group genomosp. 3	PAIRED	ILLUMINA	Illumina HiSeq 2500	SRR7052984	SRP141806	PRJNA439621	439621	SRS3208876	SAMN08769777	SRA694203	RNA-Seq	other	TRANSCRIPTOMIC		JGI	0	0	5451837	8769777				DC3000			
SRX3984055	2018-04-22 00:36:21	223283	Pseudomonas syringae pv. tomato str. DC3000	251701	1236	223283	Pseudomonas syringae group genomosp. 3	PAIRED	ILLUMINA	Illumina HiSeq 2500	SRR7052983	SRP141805	PRJNA439602	439602	SRS3208875	SAMN08769726	SRA694203	RNA-Seq	other	TRANSCRIPTOMIC		JGI	0	0	5451838	8769726				DC3000			
SRX3984056	2018-04-22 00:46:21	223283	Pseudomonas syringae pv. tomato str. DC3000	251701	1236	223283	Pseudomonas syringae group genomosp. 3	PAIRED	ILLUMINA	Illumina HiSeq 2500	SRR7052982	SRP141807	PRJNA439598	439598	SRS3208877	SAMN08769624	SRA694203	RNA-Seq	other	TRANSCRIPTOMIC		JGI	0	0	5451839	8769624				DC3000			
SRX3984057	2018-04-22 00:40:23	223283	Pseudomonas syringae pv. tomato str. DC3000	251701	1236	223283	Pseudomonas syringae group genomosp. 3	PAIRED	ILLUMINA	Illumina HiSeq 2500	SRR7052981	SRP141808	PRJNA439594	439594	SRS3208878	SAMN08769731	SRA694203	RNA-Seq	other	TRANSCRIPTOMIC		JGI	0	0	5451840	8769731				DC3000			
SRX3984058	2018-04-22 00:43:13	223283	Pseudomonas syringae pv. tomato str. DC3000	251701	1236	223283	Pseudomonas syringae group genomosp. 3	PAIRED	ILLUMINA	Illumina HiSeq 2500	SRR7052980	SRP141809	PRJNA439606	439606	SRS3208879	SAMN08769626	SRA694203	RNA-Seq	other	TRANSCRIPTOMIC		JGI	0	0	5451841	8769626				DC3000			
SRX3984059	2018-04-22 00:44:18	223283	Pseudomonas syringae pv. tomato str. DC3000	251701	1236	223283	Pseudomonas syringae group genomosp. 3	PAIRED	ILLUMINA	Illumina HiSeq 2500	SRR7052979	SRP141810	PRJNA439661	439661	SRS3208880	SAMN08769631	SRA694203	RNA-Seq	other	TRANSCRIPTOMIC		JGI	0	0	5451842	8769631				DC3000			
SRX3984060	2018-04-22 00:40:23	223283	Pseudomonas syringae pv. tomato str. DC3000	251701	1236	223283	Pseudomonas syringae group genomosp. 3	PAIRED	ILLUMINA	Illumina HiSeq 2500	SRR7052978	SRP141811	PRJNA439639	439639	SRS3208881	SAMN08769767	SRA694203	RNA-Seq	other	TRANSCRIPTOMIC		JGI	0	0	5451843	8769767				DC3000			
SRX3984061	2018-04-22 00:44:18	223283	Pseudomonas syringae pv. tomato str. DC3000	251701	1236	223283	Pseudomonas syringae group genomosp. 3	PAIRED	ILLUMINA	Illumina HiSeq 2500	SRR7052977	SRP141812	PRJNA439677	439677	SRS3208882	SAMN08769740	SRA694203	RNA-Seq	other	TRANSCRIPTOMIC		JGI	0	0	5451844	8769740				DC3000			
SRX3984062	2018-04-22 00:43:13	223283	Pseudomonas syringae pv. tomato str. DC3000	251701	1236	223283	Pseudomonas syringae group genomosp. 3	PAIRED	ILLUMINA	Illumina HiSeq 2500	SRR7052976	SRP141813	PRJNA439673	439673	SRS3208883	SAMN08769743	SRA694203	RNA-Seq	other	TRANSCRIPTOMIC		JGI	0	0	5451845	8769743				DC3000			
SRX3984063	2018-04-22 00:40:23	223283	Pseudomonas syringae pv. tomato str. DC3000	251701	1236	223283	Pseudomonas syringae group genomosp. 3	PAIRED	ILLUMINA	Illumina HiSeq 2500	SRR7052975	SRP141814	PRJNA439614	439614	SRS3208884	SAMN08769721	SRA694203	RNA-Seq	other	TRANSCRIPTOMIC		JGI	0	0	5451846	8769721				DC3000			
SRX3984064	2018-04-22 00:34:18	223283	Pseudomonas syringae pv. tomato str. DC3000	251701	1236	223283	Pseudomonas syringae group genomosp. 3	PAIRED	ILLUMINA	Illumina HiSeq 2500	SRR7052974	SRP141816	PRJNA439622	439622	SRS3208886	SAMN08769627	SRA694203	RNA-Seq	other	TRANSCRIPTOMIC		JGI	0	0	5451847	8769627				DC3000			
SRX3984065	2018-04-22 00:38:19	223283	Pseudomonas syringae pv. tomato str. DC3000	251701	1236	223283	Pseudomonas syringae group genomosp. 3	PAIRED	ILLUMINA	Illumina HiSeq 2500	SRR7052973	SRP141817	PRJNA439664	439664	SRS3208887	SAMN08769712	SRA694203	RNA-Seq	other	TRANSCRIPTOMIC		JGI	0	0	5451848	8769712				DC3000			
SRX3984066	2018-04-22 00:38:19	223283	Pseudomonas syringae pv. tomato str. DC3000	251701	1236	223283	Pseudomonas syringae group genomosp. 3	PAIRED	ILLUMINA	Illumina HiSeq 2500	SRR7052972	SRP141819	PRJNA439672	439672	SRS3208889	SAMN08769744	SRA694203	RNA-Seq	other	TRANSCRIPTOMIC		JGI	0	0	5451849	8769744				DC3000			
SRX3984067	2018-04-22 00:46:21	223283	Pseudomonas syringae pv. tomato str. DC3000	251701	1236	223283	Pseudomonas syringae group genomosp. 3	PAIRED	ILLUMINA	Illumina HiSeq 2500	SRR7052971	SRP141820	PRJNA439684	439684	SRS3208890	SAMN08769738	SRA694203	RNA-Seq	other	TRANSCRIPTOMIC		JGI	0	0	5451850	8769738				DC3000			
SRX3984068	2018-04-22 00:38:19	223283	Pseudomonas syringae pv. tomato str. DC3000	251701	1236	223283	Pseudomonas syringae group genomosp. 3	PAIRED	ILLUMINA	Illumina HiSeq 2500	SRR7052970	SRP141818	PRJNA439676	439676	SRS3208888	SAMN08769710	SRA694203	RNA-Seq	other	TRANSCRIPTOMIC		JGI	0	0	5451851	8769710				DC3000			
SRX3984069	2018-04-22 00:40:23	223283	Pseudomonas syringae pv. tomato str. DC3000	251701	1236	223283	Pseudomonas syringae group genomosp. 3	PAIRED	ILLUMINA	Illumina HiSeq 2500	SRR7052969	SRP141821	PRJNA439597	439597	SRS3208891	SAMN08769729	SRA694203	RNA-Seq	other	TRANSCRIPTOMIC		JGI	0	0	5451852	8769729				DC3000			
SRX3984070	2018-04-22 00:40:23	223283	Pseudomonas syringae pv. tomato str. DC3000	251701	1236	223283	Pseudomonas syringae group genomosp. 3	PAIRED	ILLUMINA	Illumina HiSeq 2500	SRR7052968	SRP141822	PRJNA439605	439605	SRS3208892	SAMN08769759	SRA694203	RNA-Seq	other	TRANSCRIPTOMIC		JGI	0	0	5451853	8769759				DC3000			
SRX3984071	2018-04-22 00:40:23	223283	Pseudomonas syringae pv. tomato str. DC3000	251701	1236	223283	Pseudomonas syringae group genomosp. 3	PAIRED	ILLUMINA	Illumina HiSeq 2500	SRR7052967	SRP141823	PRJNA439601	439601	SRS3208893	SAMN08769625	SRA694203	RNA-Seq	other	TRANSCRIPTOMIC		JGI	0	0	5451854	8769625				DC3000			
SRX3984072	2018-04-22 00:43:13	223283	Pseudomonas syringae pv. tomato str. DC3000	251701	1236	223283	Pseudomonas syringae group genomosp. 3	PAIRED	ILLUMINA	Illumina HiSeq 2500	SRR7052966	SRP141824	PRJNA439609	439609	SRS3208894	SAMN08769636	SRA694203	RNA-Seq	other	TRANSCRIPTOMIC		JGI	0	0	5451855	8769636				DC3000			
SRX3984073	2018-04-22 00:36:21	223283	Pseudomonas syringae pv. tomato str. DC3000	251701	1236	223283	Pseudomonas syringae group genomosp. 3	PAIRED	ILLUMINA	Illumina HiSeq 2500	SRR7052965	SRP141825	PRJNA439617	439617	SRS3208895	SAMN08769699	SRA694203	RNA-Seq	other	TRANSCRIPTOMIC		JGI	0	0	5451856	8769699				DC3000			
SRX3984074	2018-04-22 00:36:21	223283	Pseudomonas syringae pv. tomato str. DC3000	251701	1236	223283	Pseudomonas syringae group genomosp. 3	PAIRED	ILLUMINA	Illumina HiSeq 2500	SRR7052964	SRP141829	PRJNA439625	439625	SRS3208898	SAMN08769628	SRA694203	RNA-Seq	other	TRANSCRIPTOMIC		JGI	0	0	5451857	8769628				DC3000			
SRX3984075	2018-04-22 00:34:18	223283	Pseudomonas syringae pv. tomato str. DC3000	251701	1236	223283	Pseudomonas syringae group genomosp. 3	PAIRED	ILLUMINA	Illumina HiSeq 2500	SRR7052963	SRP141827	PRJNA439587	439587	SRS3208896	SAMN08769736	SRA694203	RNA-Seq	other	TRANSCRIPTOMIC		JGI	0	0	5451858	8769736				DC3000			
SRX3984076	2018-04-22 00:34:18	223283	Pseudomonas syringae pv. tomato str. DC3000	251701	1236	223283	Pseudomonas syringae group genomosp. 3	PAIRED	ILLUMINA	Illumina HiSeq 2500	SRR7052962	SRP141826	PRJNA439635	439635	SRS3208897	SAMN08769633	SRA694203	RNA-Seq	other	TRANSCRIPTOMIC		JGI	0	0	5451859	8769633				DC3000			
SRX3984077	2018-04-22 00:33:11	223283	Pseudomonas syringae pv. tomato str. DC3000	251701	1236	223283	Pseudomonas syringae group genomosp. 3	PAIRED	ILLUMINA	Illumina HiSeq 2500	SRR7052961	SRP141828	PRJNA439611	439611	SRS3208899	SAMN08769723	SRA694203	RNA-Seq	other	TRANSCRIPTOMIC		JGI	0	0	5451860	8769723				DC3000			
SRX3984078	2018-04-22 00:36:22	223283	Pseudomonas syringae pv. tomato str. DC3000	251701	1236	223283	Pseudomonas syringae group genomosp. 3	PAIRED	ILLUMINA	Illumina HiSeq 2500	SRR7052960	SRP141830	PRJNA439610	439610	SRS3208900	SAMN08769724	SRA694203	RNA-Seq	other	TRANSCRIPTOMIC		JGI	0	0	5451861	8769724				DC3000			
SRX3984079	2018-04-22 00:44:18	223283	Pseudomonas syringae pv. tomato str. DC3000	251701	1236	223283	Pseudomonas syringae group genomosp. 3	PAIRED	ILLUMINA	Illumina HiSeq 2500	SRR7052959	SRP141831	PRJNA439586	439586	SRS3208901	SAMN08769761	SRA694203	RNA-Seq	other	TRANSCRIPTOMIC		JGI	0	0	5451862	8769761				DC3000			
SRX3984080	2018-04-22 00:36:22	223283	Pseudomonas syringae pv. tomato str. DC3000	251701	1236	223283	Pseudomonas syringae group genomosp. 3	PAIRED	ILLUMINA	Illumina HiSeq 2500	SRR7052958	SRP141832	PRJNA439657	439657	SRS3208902	SAMN08769708	SRA694203	RNA-Seq	other	TRANSCRIPTOMIC		JGI	0	0	5451863	8769708				DC3000			
SRX3984081	2018-04-22 00:43:13	223283	Pseudomonas syringae pv. tomato str. DC3000	251701	1236	223283	Pseudomonas syringae group genomosp. 3	PAIRED	ILLUMINA	Illumina HiSeq 2500	SRR7052957	SRP141833	PRJNA439634	439634	SRS3208903	SAMN08769770	SRA694203	RNA-Seq	other	TRANSCRIPTOMIC		JGI	0	0	5451864	8769770				DC3000			
SRX3984082	2018-04-22 00:40:23	223283	Pseudomonas syringae pv. tomato str. DC3000	251701	1236	223283	Pseudomonas syringae group genomosp. 3	PAIRED	ILLUMINA	Illumina HiSeq 2500	SRR7052956	SRP141834	PRJNA439618	439618	SRS3208904	SAMN08769719	SRA694203	RNA-Seq	other	TRANSCRIPTOMIC		JGI	0	0	5451865	8769719				DC3000			
SRX3984083	2018-04-22 00:44:18	223283	Pseudomonas syringae pv. tomato str. DC3000	251701	1236	223283	Pseudomonas syringae group genomosp. 3	PAIRED	ILLUMINA	Illumina HiSeq 2500	SRR7052955	SRP141835	PRJNA439638	439638	SRS3208905	SAMN08769700	SRA694203	RNA-Seq	other	TRANSCRIPTOMIC		JGI	0	0	5451866	8769700				DC3000			
SRX3984084	2018-04-22 00:34:18	223283	Pseudomonas syringae pv. tomato str. DC3000	251701	1236	223283	Pseudomonas syringae group genomosp. 3	PAIRED	ILLUMINA	Illumina HiSeq 2500	SRR7052954	SRP141836	PRJNA439645	439645	SRS3208906	SAMN08769703	SRA694203	RNA-Seq	other	TRANSCRIPTOMIC		JGI	0	0	5451867	8769703				DC3000			
SRX6997962	2020-04-30 16:54:12	223283	Pseudomonas syringae pv. tomato str. DC3000	251701	1236	223283	Pseudomonas syringae group genomosp. 3	SINGLE	ILLUMINA	Illumina HiSeq 3000	SRR10284966;SRR10284967;SRR10284968;SRR10284969	SRP225787	PRJNA577705	577705	SRS5519678	SAMN13032616	SRA979570	RNA-Seq	cDNA	TRANSCRIPTOMIC		GEO	0	0	9200972	13032616	GSE138901	GSM4121429	32541952	Pto			
SRX6997963	2020-04-30 16:54:12	223283	Pseudomonas syringae pv. tomato str. DC3000	251701	1236	223283	Pseudomonas syringae group genomosp. 3	SINGLE	ILLUMINA	Illumina HiSeq 3000	SRR10284970	SRP225787	PRJNA577705	577705	SRS5519679	SAMN13032734	SRA979570	RNA-Seq	cDNA	TRANSCRIPTOMIC		GEO	0	0	9200973	13032734	GSE138901	GSM4121430	32541952	Pto			
SRX6997964	2020-04-30 16:54:12	223283	Pseudomonas syringae pv. tomato str. DC3000	251701	1236	223283	Pseudomonas syringae group genomosp. 3	SINGLE	ILLUMINA	Illumina HiSeq 3000	SRR10284971	SRP225787	PRJNA577705	577705	SRS5519680	SAMN13032733	SRA979570	RNA-Seq	cDNA	TRANSCRIPTOMIC		GEO	0	0	9200974	13032733	GSE138901	GSM4121431	32541952	Pto			
SRX6997965	2020-04-30 16:54:12	223283	Pseudomonas syringae pv. tomato str. DC3000	251701	1236	223283	Pseudomonas syringae group genomosp. 3	SINGLE	ILLUMINA	Illumina HiSeq 3000	SRR10284972	SRP225787	PRJNA577705	577705	SRS5519681	SAMN13032732	SRA979570	RNA-Seq	cDNA	TRANSCRIPTOMIC		GEO	0	0	9200975	13032732	GSE138901	GSM4121432	32541952	Pto			
SRX6997966	2020-04-30 16:54:12	223283	Pseudomonas syringae pv. tomato str. DC3000	251701	1236	223283	Pseudomonas syringae group genomosp. 3	SINGLE	ILLUMINA	Illumina HiSeq 3000	SRR10284973	SRP225787	PRJNA577705	577705	SRS5519682	SAMN13032731	SRA979570	RNA-Seq	cDNA	TRANSCRIPTOMIC		GEO	0	0	9200976	13032731	GSE138901	GSM4121433	32541952	Pto			
SRX6997967	2020-04-30 16:54:12	223283	Pseudomonas syringae pv. tomato str. DC3000	251701	1236	223283	Pseudomonas syringae group genomosp. 3	SINGLE	ILLUMINA	Illumina HiSeq 3000	SRR10284974	SRP225787	PRJNA577705	577705	SRS5519683	SAMN13032729	SRA979570	RNA-Seq	cDNA	TRANSCRIPTOMIC		GEO	0	0	9200977	13032729	GSE138901	GSM4121434	32541952	Pto			
SRX6997968	2020-04-30 16:54:12	223283	Pseudomonas syringae pv. tomato str. DC3000	251701	1236	223283	Pseudomonas syringae group genomosp. 3	SINGLE	ILLUMINA	Illumina HiSeq 3000	SRR10284975	SRP225787	PRJNA577705	577705	SRS5519684	SAMN13032728	SRA979570	RNA-Seq	cDNA	TRANSCRIPTOMIC		GEO	0	0	9200978	13032728	GSE138901	GSM4121435	32541952	Pto			
SRX6997969	2020-04-30 16:54:12	223283	Pseudomonas syringae pv. tomato str. DC3000	251701	1236	223283	Pseudomonas syringae group genomosp. 3	SINGLE	ILLUMINA	Illumina HiSeq 3000	SRR10284976	SRP225787	PRJNA577705	577705	SRS5519685	SAMN13032727	SRA979570	RNA-Seq	cDNA	TRANSCRIPTOMIC		GEO	0	0	9200979	13032727	GSE138901	GSM4121436	32541952	Pto			
SRX6997970	2020-04-30 16:54:12	223283	Pseudomonas syringae pv. tomato str. DC3000	251701	1236	223283	Pseudomonas syringae group genomosp. 3	SINGLE	ILLUMINA	Illumina HiSeq 3000	SRR10284977;SRR10284978	SRP225787	PRJNA577705	577705	SRS5519686	SAMN13032726	SRA979570	RNA-Seq	cDNA	TRANSCRIPTOMIC		GEO	0	0	9200980	13032726	GSE138901	GSM4121437	32541952	Pto			
SRX6997971	2020-04-30 16:54:12	223283	Pseudomonas syringae pv. tomato str. DC3000	251701	1236	223283	Pseudomonas syringae group genomosp. 3	SINGLE	ILLUMINA	Illumina HiSeq 3000	SRR10284979	SRP225787	PRJNA577705	577705	SRS5519687	SAMN13032725	SRA979570	RNA-Seq	cDNA	TRANSCRIPTOMIC		GEO	0	0	9200981	13032725	GSE138901	GSM4121438	32541952	Pto			
SRX6997972	2020-04-30 16:54:12	223283	Pseudomonas syringae pv. tomato str. DC3000	251701	1236	223283	Pseudomonas syringae group genomosp. 3	SINGLE	ILLUMINA	Illumina HiSeq 3000	SRR10284980	SRP225787	PRJNA577705	577705	SRS5519688	SAMN13032724	SRA979570	RNA-Seq	cDNA	TRANSCRIPTOMIC		GEO	0	0	9200982	13032724	GSE138901	GSM4121439	32541952	Pto			
SRX6997973	2020-04-30 16:54:12	223283	Pseudomonas syringae pv. tomato str. DC3000	251701	1236	223283	Pseudomonas syringae group genomosp. 3	SINGLE	ILLUMINA	Illumina HiSeq 3000	SRR10284981	SRP225787	PRJNA577705	577705	SRS5519689	SAMN13032723	SRA979570	RNA-Seq	cDNA	TRANSCRIPTOMIC		GEO	0	0	9200983	13032723	GSE138901	GSM4121440	32541952	Pto			
